{
  "voc_eval_res": {
    "precision": 79.2834,
    "recall": 93.8951,
    "f-score": 85.9728
  },
  "KL_res": {
    "KL divergence": 0.020839297472207977,
    "Euclidean Dist.": 0.005141697982456743,
    "WER": 0.06461104921685562,
    "CER": 0.040016601295489576,
    "Cosine Dist.": 0.0005641501827591267
  },
  "occ_eval_res": {
    "precision": 95.9559,
    "recall": 97.9723,
    "f-score": 96.9537
  },
  "clean_eval": {
    "f-score": 92.59947507942877,
    "precision": 94.29781960679237,
    "recall": 90.96122408100233,
    "tp": 281545,
    "fp": 17025,
    "fn": 27977
  },
  "jaccard": [
    0.44731468245864814
  ],
  "braycurtis": [
    0.04153523981918524
  ],
  "dice": [
    0.28809101071874793
  ],
  "cosinus": [
    0.0023943502584284904
  ]
}