{
  "voc_eval_res": {
    "precision": 74.9414,
    "recall": 96.6056,
    "f-score": 84.4055
  },
  "KL_res": {
    "KL divergence": 0.01547702718131086,
    "Euclidean Dist.": 0.006335243792920546,
    "WER": 0.14766720838132505,
    "CER": 0.12669338518312764,
    "Cosine Dist.": 0.0010224905609024226
  },
  "occ_eval_res": {
    "precision": 88.5591,
    "recall": 99.2111,
    "f-score": 93.5829
  },
  "clean_eval": {
    "f-score": 85.75200316229903,
    "precision": 91.06096286049188,
    "recall": 81.02797810613357,
    "tp": 172464,
    "fp": 16930,
    "fn": 40381
  },
  "jaccard": [
    0.5485957015152476
  ],
  "braycurtis": [
    0.08152143813951394
  ],
  "dice": [
    0.37797580046302365
  ],
  "cosinus": [
    0.0051861204397922744
  ]
}