{
  "voc_eval_res": {
    "precision": 71.4286,
    "recall": 62.5,
    "f-score": 66.6667
  },
  "KL_res": {
    "KL divergence": 1.6894951229235542,
    "Euclidean Dist.": 0.20097374982381436,
    "WER": 0.8333333333333334,
    "CER": 0.6808510638297872,
    "Cosine Dist.": 0.1489355036530099
  },
  "occ_eval_res": {
    "precision": 70.5882,
    "recall": 66.6667,
    "f-score": 68.5714
  },
  "clean_eval": {
    "f-score": 56.25,
    "precision": 52.94117647058824,
    "recall": 60.0,
    "tp": 9,
    "fp": 8,
    "fn": 6
  },
  "jaccard": [
    0.4386792452830189
  ],
  "braycurtis": [
    0.22692307692307692
  ],
  "dice": [
    0.2809667673716012
  ],
  "cosinus": [
    0.11610004357400627
  ]
}