{
  "voc_eval_res": {
    "precision": 75.0,
    "recall": 60.0,
    "f-score": 66.6667
  },
  "KL_res": {
    "KL divergence": 1.9421312143440108,
    "Euclidean Dist.": 0.21489900614064433,
    "WER": 0.6875,
    "CER": 0.6729559748427673,
    "Cosine Dist.": 0.15672595728843242
  },
  "occ_eval_res": {
    "precision": 76.9231,
    "recall": 62.5,
    "f-score": 68.9655
  },
  "clean_eval": {
    "f-score": 55.172413793103445,
    "precision": 50.0,
    "recall": 61.53846153846154,
    "tp": 8,
    "fp": 8,
    "fn": 5
  },
  "jaccard": [
    0.5859375
  ],
  "braycurtis": [
    0.4163265306122449
  ],
  "dice": [
    0.4143646408839779
  ],
  "cosinus": [
    0.24792112091238294
  ]
}