{
  "voc_eval_res": {
    "precision": 40.9444,
    "recall": 88.1622,
    "f-score": 55.9189
  },
  "KL_res": {
    "KL divergence": 0.04703485153941066,
    "Euclidean Dist.": 0.014316157401728568,
    "WER": 0.3967663090721291,
    "CER": 0.2772387265604679,
    "Cosine Dist.": 0.0034107460277436052
  },
  "occ_eval_res": {
    "precision": 75.6522,
    "recall": 94.3078,
    "f-score": 83.9561
  },
  "clean_eval": {
    "f-score": 71.99167918640934,
    "precision": 81.9766707373563,
    "recall": 64.17498372301937,
    "tp": 77868,
    "fp": 17120,
    "fn": 43469
  },
  "jaccard": [
    0.5919451479399592
  ],
  "braycurtis": [
    0.1445233736851753
  ],
  "dice": [
    0.42039921035314765
  ],
  "cosinus": [
    0.012642747352251127
  ]
}