{
  "voc_eval_res": {
    "precision": 79.5548,
    "recall": 92.0802,
    "f-score": 85.3605
  },
  "KL_res": {
    "KL divergence": 0.1581428747416841,
    "Euclidean Dist.": 0.024393485643922814,
    "WER": 0.2840262582056893,
    "CER": 0.2706085810755168,
    "Cosine Dist.": 0.031940180379333216
  },
  "occ_eval_res": {
    "precision": 77.7818,
    "recall": 94.8359,
    "f-score": 85.4664
  },
  "clean_eval": {
    "f-score": 74.79611650485437,
    "precision": 82.98147350280051,
    "recall": 68.08059384941676,
    "tp": 1926,
    "fp": 395,
    "fn": 903
  },
  "jaccard": [
    0.36607339046363435
  ],
  "braycurtis": [
    0.19544873787078282
  ],
  "dice": [
    0.2240451855836471
  ],
  "cosinus": [
    0.026096718921874595
  ]
}