{
  "voc_eval_res": {
    "precision": 50.1672,
    "recall": 79.5053,
    "f-score": 61.5174
  },
  "KL_res": {
    "KL divergence": 0.5813451790788544,
    "Euclidean Dist.": 0.048636180005338064,
    "WER": 1.105318039624609,
    "CER": 0.8267657992565056,
    "Cosine Dist.": 0.11297600872570102
  },
  "occ_eval_res": {
    "precision": 46.8786,
    "recall": 84.5673,
    "f-score": 60.3198
  },
  "clean_eval": {
    "f-score": 39.50368879946345,
    "precision": 57.295719844357976,
    "recall": 30.14329580348004,
    "tp": 589,
    "fp": 439,
    "fn": 1365
  },
  "jaccard": [
    0.5686106346483705
  ],
  "braycurtis": [
    0.37094242481321027
  ],
  "dice": [
    0.39724385859796285
  ],
  "cosinus": [
    0.06468126414845599
  ]
}