{
  "voc_eval_res": {
    "precision": 20.7792,
    "recall": 14.2857,
    "f-score": 16.9312
  },
  "KL_res": {
    "KL divergence": 3.4133506316793487,
    "Euclidean Dist.": 0.24989782943099162,
    "WER": 0.8746666666666667,
    "CER": 0.6846153846153846,
    "Cosine Dist.": 0.34694812454646706
  },
  "occ_eval_res": {
    "precision": 28.4722,
    "recall": 21.8667,
    "f-score": 24.736
  },
  "clean_eval": {
    "f-score": 4.508856682769726,
    "precision": 4.057971014492753,
    "recall": 5.072463768115942,
    "tp": 14,
    "fp": 331,
    "fn": 262
  },
  "jaccard": [
    0.7522498676548438
  ],
  "braycurtis": [
    0.45997818974918214
  ],
  "dice": [
    0.6028850233347476
  ],
  "cosinus": [
    0.16759433236964028
  ]
}