{
  "voc_eval_res": {
    "precision": 29.6089,
    "recall": 25.2381,
    "f-score": 27.2494
  },
  "KL_res": {
    "KL divergence": 2.4799123033473016,
    "Euclidean Dist.": 0.25685534323565173,
    "WER": 1.0253807106598984,
    "CER": 0.7947686116700201,
    "Cosine Dist.": 0.797076170989868
  },
  "occ_eval_res": {
    "precision": 21.7703,
    "recall": 23.0964,
    "f-score": 22.4138
  },
  "clean_eval": {
    "f-score": 4.896907216494845,
    "precision": 5.177111716621254,
    "recall": 4.645476772616137,
    "tp": 19,
    "fp": 348,
    "fn": 390
  },
  "jaccard": [
    0.7021960364220675
  ],
  "braycurtis": [
    0.5149532710280373
  ],
  "dice": [
    0.5410647957078002
  ],
  "cosinus": [
    0.45179582544588603
  ]
}