{
  "voc_eval_res": {
    "precision": 23.4375,
    "recall": 25.4237,
    "f-score": 24.3902
  },
  "KL_res": {
    "KL divergence": 4.084683206848571,
    "Euclidean Dist.": 0.25823789708978506,
    "WER": 0.9181818181818182,
    "CER": 0.6614699331848553,
    "Cosine Dist.": 0.5767449567721057
  },
  "occ_eval_res": {
    "precision": 28.4314,
    "recall": 26.3636,
    "f-score": 27.3585
  },
  "clean_eval": {
    "f-score": 14.705882352941178,
    "precision": 13.88888888888889,
    "recall": 15.625,
    "tp": 15,
    "fp": 93,
    "fn": 81
  },
  "jaccard": [
    0.6639004149377593
  ],
  "braycurtis": [
    0.44300822561692127
  ],
  "dice": [
    0.4968944099378882
  ],
  "cosinus": [
    0.2534265068559878
  ]
}