{
  "voc_eval_res": {
    "precision": 19.8675,
    "recall": 11.7647,
    "f-score": 14.7783
  },
  "KL_res": {
    "KL divergence": 4.169203073144677,
    "Euclidean Dist.": 0.2808180079276938,
    "WER": 0.9539641943734015,
    "CER": 0.7623392783077562,
    "Cosine Dist.": 0.8777137151037617
  },
  "occ_eval_res": {
    "precision": 17.7686,
    "recall": 10.9974,
    "f-score": 13.5861
  },
  "clean_eval": {
    "f-score": 1.3769363166953528,
    "precision": 1.1204481792717087,
    "recall": 1.7857142857142856,
    "tp": 4,
    "fp": 353,
    "fn": 220
  },
  "jaccard": [
    0.7535641547861507
  ],
  "braycurtis": [
    0.5578313253012048
  ],
  "dice": [
    0.6045751633986928
  ],
  "cosinus": [
    0.395633637789241
  ]
}