{
  "voc_eval_res": {
    "precision": 34.3303,
    "recall": 17.4028,
    "f-score": 23.0971
  },
  "KL_res": {
    "KL divergence": 1.9386718168550154,
    "Euclidean Dist.": 0.11109053353408614,
    "WER": 0.7552575434318806,
    "CER": 0.5614359733530718,
    "Cosine Dist.": 0.05487966936539368
  },
  "occ_eval_res": {
    "precision": 46.6482,
    "recall": 35.8427,
    "f-score": 40.5377
  },
  "clean_eval": {
    "f-score": 19.753086419753085,
    "precision": 17.358490566037734,
    "recall": 22.91407222914072,
    "tp": 552,
    "fp": 2628,
    "fn": 1857
  },
  "jaccard": [
    0.5778905094060452
  ],
  "braycurtis": [
    0.25565306944879773
  ],
  "dice": [
    0.4063614744351962
  ],
  "cosinus": [
    0.042163452934380286
  ]
}