{
  "voc_eval_res": {
    "precision": 42.3488,
    "recall": 22.7969,
    "f-score": 29.6389
  },
  "KL_res": {
    "KL divergence": 1.5652199073370325,
    "Euclidean Dist.": 0.10724478889141618,
    "WER": 0.7231270358306189,
    "CER": 0.5385982905982906,
    "Cosine Dist.": 0.04504424721135969
  },
  "occ_eval_res": {
    "precision": 54.6232,
    "recall": 43.2223,
    "f-score": 48.2585
  },
  "clean_eval": {
    "f-score": 21.03574033552152,
    "precision": 18.601651186790505,
    "recall": 24.20275260154414,
    "tp": 721,
    "fp": 3155,
    "fn": 2258
  },
  "jaccard": [
    0.5546071350404903
  ],
  "braycurtis": [
    0.2332828152145788
  ],
  "dice": [
    0.3837068443367656
  ],
  "cosinus": [
    0.03538963023456998
  ]
}