{
  "voc_eval_res": {
    "precision": 84.571,
    "recall": 95.4313,
    "f-score": 89.6735
  },
  "KL_res": {
    "KL divergence": 0.01659126000091943,
    "Euclidean Dist.": 0.005985799686014684,
    "WER": 0.07381744271988175,
    "CER": 0.04056957029369018,
    "Cosine Dist.": 0.0011368768588133626
  },
  "occ_eval_res": {
    "precision": 94.3116,
    "recall": 97.9178,
    "f-score": 96.0809
  },
  "clean_eval": {
    "f-score": 83.06347449026663,
    "precision": 83.63155022467865,
    "recall": 82.5030641115222,
    "tp": 72026,
    "fp": 14097,
    "fn": 15275
  },
  "jaccard": [
    0.43150504607283896
  ],
  "braycurtis": [
    0.07267870254706033
  ],
  "dice": [
    0.2751077043585296
  ],
  "cosinus": [
    0.009265127009437268
  ]
}