{
  "voc_eval_res": {
    "precision": 49.2303,
    "recall": 59.9173,
    "f-score": 54.0506
  },
  "KL_res": {
    "KL divergence": 0.32120012414718935,
    "Euclidean Dist.": 0.02328876913007274,
    "WER": 0.2938842837157831,
    "CER": 0.09109137006715826,
    "Cosine Dist.": 0.020194374966149065
  },
  "occ_eval_res": {
    "precision": 75.3731,
    "recall": 78.974,
    "f-score": 77.1316
  },
  "clean_eval": {
    "f-score": 63.23495903547618,
    "precision": 65.01986350208821,
    "recall": 61.54543350817649,
    "tp": 31915,
    "fp": 17170,
    "fn": 19941
  },
  "jaccard": [
    0.49796836453344945
  ],
  "braycurtis": [
    0.1327019320663438
  ],
  "dice": [
    0.3315298777836819
  ],
  "cosinus": [
    0.03545488604875924
  ]
}