{
  "voc_eval_res": {
    "precision": 80.0,
    "recall": 55.0,
    "f-score": 65.1852
  },
  "KL_res": {
    "KL divergence": 1.0397158562138067,
    "Euclidean Dist.": 0.09266551621760093,
    "WER": 0.38513513513513514,
    "CER": 0.3089605734767025,
    "Cosine Dist.": 0.019587838681701553
  },
  "occ_eval_res": {
    "precision": 86.8421,
    "recall": 66.8919,
    "f-score": 75.5725
  },
  "clean_eval": {
    "f-score": 70.24793388429754,
    "precision": 62.04379562043796,
    "recall": 80.95238095238095,
    "tp": 85,
    "fp": 52,
    "fn": 20
  },
  "jaccard": [
    0.33602771362586603
  ],
  "braycurtis": [
    0.15608055770720372
  ],
  "dice": [
    0.20194309507286606
  ],
  "cosinus": [
    0.017562506209983897
  ]
}