{
  "voc_eval_res": {
    "precision": 71.7391,
    "recall": 66.0,
    "f-score": 68.75
  },
  "KL_res": {
    "KL divergence": 0.9447919985061916,
    "Euclidean Dist.": 0.29013055947114663,
    "WER": 0.6666666666666666,
    "CER": 0.40173217854763493,
    "Cosine Dist.": 0.23668838073878795
  },
  "occ_eval_res": {
    "precision": 59.1304,
    "recall": 71.9577,
    "f-score": 64.9165
  },
  "clean_eval": {
    "f-score": 45.09803921568628,
    "precision": 50.82872928176796,
    "recall": 40.52863436123348,
    "tp": 92,
    "fp": 89,
    "fn": 135
  },
  "jaccard": [
    0.3711340206185567
  ],
  "braycurtis": [
    0.21671433110899269
  ],
  "dice": [
    0.22784810126582278
  ],
  "cosinus": [
    0.14835236085890224
  ]
}