{
  "voc_eval_res": {
    "precision": 49.8426,
    "recall": 67.7603,
    "f-score": 57.4365
  },
  "KL_res": {
    "KL divergence": 0.6478682558022908,
    "Euclidean Dist.": 0.05547590206599373,
    "WER": 0.7474472430224642,
    "CER": 0.5883596392333709,
    "Cosine Dist.": 0.14459799434060572
  },
  "occ_eval_res": {
    "precision": 54.653,
    "recall": 72.3622,
    "f-score": 62.273
  },
  "clean_eval": {
    "f-score": 45.27777777777778,
    "precision": 54.22488356620093,
    "recall": 38.86504530281354,
    "tp": 815,
    "fp": 688,
    "fn": 1282
  },
  "jaccard": [
    0.5541258169934641
  ],
  "braycurtis": [
    0.297029702970297
  ],
  "dice": [
    0.3832462212176861
  ],
  "cosinus": [
    0.039317975561006246
  ]
}