{
  "voc_eval_res": {
    "precision": 40.6509,
    "recall": 62.3067,
    "f-score": 49.2013
  },
  "KL_res": {
    "KL divergence": 0.21007773691786955,
    "Euclidean Dist.": 0.03291996310150084,
    "WER": 0.3409884781815338,
    "CER": 0.12053931301794144,
    "Cosine Dist.": 0.04500499420709192
  },
  "occ_eval_res": {
    "precision": 75.2751,
    "recall": 73.1049,
    "f-score": 74.1741
  },
  "clean_eval": {
    "f-score": 64.40744500846024,
    "precision": 62.8156890701942,
    "recall": 66.08196880685527,
    "tp": 47581,
    "fp": 28166,
    "fn": 24422
  },
  "jaccard": [
    0.6544574483456148
  ],
  "braycurtis": [
    0.1431389491188314
  ],
  "dice": [
    0.48638926174496644
  ],
  "cosinus": [
    0.016377430701435824
  ]
}