{
  "voc_eval_res": {
    "precision": 34.66,
    "recall": 12.7985,
    "f-score": 18.6941
  },
  "KL_res": {
    "KL divergence": 2.262853641026777,
    "Euclidean Dist.": 0.2987246890135493,
    "WER": 0.7893428063943162,
    "CER": 0.6004361275926771,
    "Cosine Dist.": 0.03257468830147592
  },
  "occ_eval_res": {
    "precision": 45.0363,
    "recall": 26.4298,
    "f-score": 33.3109
  },
  "clean_eval": {
    "f-score": 10.541044776119401,
    "precision": 8.39524517087667,
    "recall": 14.160401002506266,
    "tp": 226,
    "fp": 2466,
    "fn": 1370
  },
  "jaccard": [
    0.6196984924623116
  ],
  "braycurtis": [
    0.3488837054315228
  ],
  "dice": [
    0.4489587884083297
  ],
  "cosinus": [
    0.10174149878666372
  ]
}