{
  "voc_eval_res": {
    "precision": 82.7534,
    "recall": 59.6374,
    "f-score": 69.3191
  },
  "KL_res": {
    "KL divergence": 0.04165834153325794,
    "Euclidean Dist.": 0.008111656488900193,
    "WER": 0.6327361120349263,
    "CER": 0.6162266083486911,
    "Cosine Dist.": 0.0022558741816579575
  },
  "occ_eval_res": {
    "precision": 96.9691,
    "recall": 37.8021,
    "f-score": 54.3979
  },
  "clean_eval": {
    "f-score": 50.065644737775884,
    "precision": 34.93098966392276,
    "recall": 88.3417337131766,
    "tp": 56438,
    "fp": 105132,
    "fn": 7448
  },
  "jaccard": [
    0.488074824629774
  ],
  "braycurtis": [
    0.47101636124149665
  ],
  "dice": [
    0.3228167852355913
  ],
  "cosinus": [
    0.005420479376975762
  ]
}