{
  "voc_eval_res": {
    "precision": 61.1111,
    "recall": 28.9474,
    "f-score": 39.2857
  },
  "KL_res": {
    "KL divergence": 4.08475254486177,
    "Euclidean Dist.": 0.30122811735428556,
    "WER": 0.7380952380952381,
    "CER": 0.5896551724137931,
    "Cosine Dist.": 0.4017896921086661
  },
  "occ_eval_res": {
    "precision": 54.1667,
    "recall": 30.9524,
    "f-score": 39.3939
  },
  "clean_eval": {
    "f-score": 36.92307692307692,
    "precision": 28.57142857142857,
    "recall": 52.17391304347826,
    "tp": 12,
    "fp": 30,
    "fn": 11
  },
  "jaccard": [
    0.599128540305011
  ],
  "braycurtis": [
    0.4758771929824561
  ],
  "dice": [
    0.4276827371695179
  ],
  "cosinus": [
    0.32582341858003183
  ]
}