{
  "voc_eval_res": {
    "precision": 55.0,
    "recall": 25.5814,
    "f-score": 34.9206
  },
  "KL_res": {
    "KL divergence": 4.098876834316779,
    "Euclidean Dist.": 0.2920656037927813,
    "WER": 0.8085106382978723,
    "CER": 0.6396396396396397,
    "Cosine Dist.": 0.3287513779204625
  },
  "occ_eval_res": {
    "precision": 48.2759,
    "recall": 29.7872,
    "f-score": 36.8421
  },
  "clean_eval": {
    "f-score": 37.33333333333333,
    "precision": 30.434782608695656,
    "recall": 48.275862068965516,
    "tp": 14,
    "fp": 32,
    "fn": 15
  },
  "jaccard": [
    0.640625
  ],
  "braycurtis": [
    0.5
  ],
  "dice": [
    0.47126436781609193
  ],
  "cosinus": [
    0.2825105576432122
  ]
}