{
  "voc_eval_res": {
    "precision": 32.5581,
    "recall": 23.7288,
    "f-score": 27.451
  },
  "KL_res": {
    "KL divergence": 4.284162204940738,
    "Euclidean Dist.": 0.3056092430976399,
    "WER": 1.0,
    "CER": 0.6979742173112339,
    "Cosine Dist.": 0.749591012448692
  },
  "occ_eval_res": {
    "precision": 22.5352,
    "recall": 23.1884,
    "f-score": 22.8571
  },
  "clean_eval": {
    "f-score": 21.21212121212121,
    "precision": 21.53846153846154,
    "recall": 20.8955223880597,
    "tp": 14,
    "fp": 51,
    "fn": 53
  },
  "jaccard": [
    0.6748166259168704
  ],
  "braycurtis": [
    0.5360501567398119
  ],
  "dice": [
    0.5092250922509225
  ],
  "cosinus": [
    0.5376236576922333
  ]
}