{
  "voc_eval_res": {
    "precision": 30.9859,
    "recall": 6.8536,
    "f-score": 11.2245
  },
  "KL_res": {
    "KL divergence": 4.441071772685488,
    "Euclidean Dist.": 0.19149890960510407,
    "WER": 0.9355742296918768,
    "CER": 0.7469964664310954,
    "Cosine Dist.": 0.5718930939724967
  },
  "occ_eval_res": {
    "precision": 27.3381,
    "recall": 10.6443,
    "f-score": 15.3226
  },
  "clean_eval": {
    "f-score": 2.9227557411273484,
    "precision": 2.046783625730994,
    "recall": 5.109489051094891,
    "tp": 7,
    "fp": 335,
    "fn": 130
  },
  "jaccard": [
    0.7153846153846154
  ],
  "braycurtis": [
    0.5582082205267044
  ],
  "dice": [
    0.5568862275449101
  ],
  "cosinus": [
    0.25500958600198853
  ]
}