{
  "voc_eval_res": {
    "precision": 18.3036,
    "recall": 2.9078,
    "f-score": 5.0184
  },
  "KL_res": {
    "KL divergence": 3.8714001596353373,
    "Euclidean Dist.": 0.1618659422532377,
    "WER": 0.964685108887581,
    "CER": 0.8445993577191196,
    "Cosine Dist.": 0.5846072173464688
  },
  "occ_eval_res": {
    "precision": 23.3422,
    "recall": 5.1795,
    "f-score": 8.4778
  },
  "clean_eval": {
    "f-score": 0.835509138381201,
    "precision": 0.5121638924455826,
    "recall": 2.26628895184136,
    "tp": 8,
    "fp": 1554,
    "fn": 345
  },
  "jaccard": [
    0.7826370757180157
  ],
  "braycurtis": [
    0.7167655881038995
  ],
  "dice": [
    0.6428954423592493
  ],
  "cosinus": [
    0.25875222504408046
  ]
}