{
  "voc_eval_res": {
    "precision": 20.1923,
    "recall": 3.2258,
    "f-score": 5.5629
  },
  "KL_res": {
    "KL divergence": 3.955506477125775,
    "Euclidean Dist.": 0.23329797124401552,
    "WER": 0.960619754680439,
    "CER": 0.822965688371695,
    "Cosine Dist.": 0.5923266536356945
  },
  "occ_eval_res": {
    "precision": 23.0958,
    "recall": 6.0684,
    "f-score": 9.6115
  },
  "clean_eval": {
    "f-score": 0.8825151682294539,
    "precision": 0.5617977528089888,
    "recall": 2.056555269922879,
    "tp": 8,
    "fp": 1416,
    "fn": 381
  },
  "jaccard": [
    0.7754629629629629
  ],
  "braycurtis": [
    0.7020378066764982
  ],
  "dice": [
    0.6332703213610587
  ],
  "cosinus": [
    0.4299538343308751
  ]
}