{
  "voc_eval_res": {
    "precision": 14.8438,
    "recall": 3.1327,
    "f-score": 5.1736
  },
  "KL_res": {
    "KL divergence": 4.032319963149398,
    "Euclidean Dist.": 0.5120685365598018,
    "WER": 0.9736486486486486,
    "CER": 0.764886669227814,
    "Cosine Dist.": 0.89698815301556
  },
  "occ_eval_res": {
    "precision": 9.002,
    "recall": 6.2162,
    "f-score": 7.3541
  },
  "clean_eval": {
    "f-score": 0.6000857265323618,
    "precision": 0.5173688100517368,
    "recall": 0.7142857142857143,
    "tp": 7,
    "fp": 1346,
    "fn": 973
  },
  "jaccard": [
    0.7867395762132604
  ],
  "braycurtis": [
    0.710844151650197
  ],
  "dice": [
    0.6484507042253521
  ],
  "cosinus": [
    0.7430729549195436
  ]
}