{
  "voc_eval_res": {
    "precision": 37.1912,
    "recall": 36.6667,
    "f-score": 36.927
  },
  "KL_res": {
    "KL divergence": 1.1050091193071925,
    "Euclidean Dist.": 0.08594581641461112,
    "WER": 0.6565828717511717,
    "CER": 0.544948605826566,
    "Cosine Dist.": 0.032710538225405816
  },
  "occ_eval_res": {
    "precision": 55.0575,
    "recall": 59.1393,
    "f-score": 57.0255
  },
  "clean_eval": {
    "f-score": 31.547870097005482,
    "precision": 32.06172310330047,
    "recall": 31.05022831050228,
    "tp": 748,
    "fp": 1585,
    "fn": 1661
  },
  "jaccard": [
    0.47791378392762107
  ],
  "braycurtis": [
    0.20989350738577808
  ],
  "dice": [
    0.313986013986014
  ],
  "cosinus": [
    0.035661084224918205
  ]
}