{
  "voc_eval_res": {
    "precision": 46.0261,
    "recall": 36.8821,
    "f-score": 40.9499
  },
  "KL_res": {
    "KL divergence": 1.3702282785017303,
    "Euclidean Dist.": 0.12647598669687804,
    "WER": 0.6833578792341679,
    "CER": 0.5183730503417803,
    "Cosine Dist.": 0.1249991394277995
  },
  "occ_eval_res": {
    "precision": 55.0348,
    "recall": 51.1929,
    "f-score": 53.0444
  },
  "clean_eval": {
    "f-score": 27.973568281938327,
    "precision": 26.325140657388214,
    "recall": 29.842228935884524,
    "tp": 889,
    "fp": 2488,
    "fn": 2090
  },
  "jaccard": [
    0.4768079800498753
  ],
  "braycurtis": [
    0.24620042977143974
  ],
  "dice": [
    0.31303208906352326
  ],
  "cosinus": [
    0.08354524191919743
  ]
}