{
  "voc_eval_res": {
    "precision": 32.2234,
    "recall": 34.5224,
    "f-score": 33.3333
  },
  "KL_res": {
    "KL divergence": 1.593387147303026,
    "Euclidean Dist.": 0.12652060804810455,
    "WER": 0.9198672356567094,
    "CER": 0.7076759439815635,
    "Cosine Dist.": 0.2919182448148485
  },
  "occ_eval_res": {
    "precision": 39.1499,
    "recall": 49.7866,
    "f-score": 43.8322
  },
  "clean_eval": {
    "f-score": 30.464173050923844,
    "precision": 32.54694270582571,
    "recall": 28.63193562049979,
    "tp": 676,
    "fp": 1401,
    "fn": 1685
  },
  "jaccard": [
    0.5080226521944313
  ],
  "braycurtis": [
    0.2820619305941288
  ],
  "dice": [
    0.3405029258263483
  ],
  "cosinus": [
    0.09257505130907528
  ]
}