{
  "voc_eval_res": {
    "precision": 33.3333,
    "recall": 9.3023,
    "f-score": 14.5455
  },
  "KL_res": {
    "KL divergence": 6.386183527604121,
    "Euclidean Dist.": 0.367188109813166,
    "WER": 0.9384615384615385,
    "CER": 0.7629179331306991,
    "Cosine Dist.": 0.6820564498403827
  },
  "occ_eval_res": {
    "precision": 31.25,
    "recall": 7.6923,
    "f-score": 12.3457
  },
  "clean_eval": {
    "f-score": 11.594202898550723,
    "precision": 7.2727272727272725,
    "recall": 28.57142857142857,
    "tp": 4,
    "fp": 51,
    "fn": 10
  },
  "jaccard": [
    0.7878048780487805
  ],
  "braycurtis": [
    0.6404255319148936
  ],
  "dice": [
    0.6498993963782697
  ],
  "cosinus": [
    0.4360007090018675
  ]
}