{
  "voc_eval_res": {
    "precision": 47.0588,
    "recall": 17.7778,
    "f-score": 25.8065
  },
  "KL_res": {
    "KL divergence": 5.806991844139776,
    "Euclidean Dist.": 0.4261153193456949,
    "WER": 0.9090909090909091,
    "CER": 0.727810650887574,
    "Cosine Dist.": 0.7345226088053319
  },
  "occ_eval_res": {
    "precision": 37.5,
    "recall": 13.6364,
    "f-score": 20.0
  },
  "clean_eval": {
    "f-score": 18.82352941176471,
    "precision": 13.114754098360656,
    "recall": 33.33333333333333,
    "tp": 8,
    "fp": 53,
    "fn": 16
  },
  "jaccard": [
    0.7414829659318637
  ],
  "braycurtis": [
    0.6245059288537549
  ],
  "dice": [
    0.589171974522293
  ],
  "cosinus": [
    0.4923592323496776
  ]
}