{
  "voc_eval_res": {
    "precision": 25.0,
    "recall": 16.6667,
    "f-score": 20.0
  },
  "KL_res": {
    "KL divergence": 6.3927748946793495,
    "Euclidean Dist.": 0.3560061611928274,
    "WER": 1.0,
    "CER": 0.7885714285714286,
    "Cosine Dist.": 0.7876646567519887
  },
  "occ_eval_res": {
    "precision": 27.2727,
    "recall": 13.9535,
    "f-score": 18.4615
  },
  "clean_eval": {
    "f-score": 16.949152542372882,
    "precision": 12.195121951219512,
    "recall": 27.77777777777778,
    "tp": 5,
    "fp": 36,
    "fn": 13
  },
  "jaccard": [
    0.8098765432098766
  ],
  "braycurtis": [
    0.6758409785932722
  ],
  "dice": [
    0.6804979253112033
  ],
  "cosinus": [
    0.6165214217466438
  ]
}