{
  "voc_eval_res": {
    "precision": 79.6992,
    "recall": 94.496,
    "f-score": 86.4691
  },
  "KL_res": {
    "KL divergence": 0.010467495043215959,
    "Euclidean Dist.": 0.003225571678626273,
    "WER": 0.05137747492176761,
    "CER": 0.01315068993210192,
    "Cosine Dist.": 0.0001550476399219125
  },
  "occ_eval_res": {
    "precision": 95.4511,
    "recall": 97.0996,
    "f-score": 96.2683
  },
  "clean_eval": {
    "f-score": 91.03901449554824,
    "precision": 91.7127402050148,
    "recall": 90.37511503773239,
    "tp": 122752,
    "fp": 11092,
    "fn": 13073
  },
  "jaccard": [
    0.38505708753421913
  ],
  "braycurtis": [
    0.04267229254571027
  ],
  "dice": [
    0.23843386943399347
  ],
  "cosinus": [
    0.0028051981672962967
  ]
}