{
  "voc_eval_res": {
    "precision": 23.9316,
    "recall": 5.045,
    "f-score": 8.3333
  },
  "KL_res": {
    "KL divergence": 3.494500507155231,
    "Euclidean Dist.": 0.15196470398087775,
    "WER": 0.9354614850798056,
    "CER": 0.7689812379449412,
    "Cosine Dist.": 0.44085565884627476
  },
  "occ_eval_res": {
    "precision": 32.0463,
    "recall": 11.5198,
    "f-score": 16.9474
  },
  "clean_eval": {
    "f-score": 3.510696653867252,
    "precision": 2.4279210925644916,
    "recall": 6.336633663366337,
    "tp": 32,
    "fp": 1286,
    "fn": 473
  },
  "jaccard": [
    0.7625478280441144
  ],
  "braycurtis": [
    0.5593241789533633
  ],
  "dice": [
    0.6162240814841761
  ],
  "cosinus": [
    0.1615257589591742
  ]
}