{
  "voc_eval_res": {
    "precision": 22.4138,
    "recall": 6.9705,
    "f-score": 10.6339
  },
  "KL_res": {
    "KL divergence": 3.434780140833719,
    "Euclidean Dist.": 0.17427383568352392,
    "WER": 0.9091915836101883,
    "CER": 0.688552858469293,
    "Cosine Dist.": 0.22488833483145787
  },
  "occ_eval_res": {
    "precision": 31.2775,
    "recall": 15.7254,
    "f-score": 20.9285
  },
  "clean_eval": {
    "f-score": 2.314814814814815,
    "precision": 1.7321016166281753,
    "recall": 3.488372093023256,
    "tp": 15,
    "fp": 851,
    "fn": 415
  },
  "jaccard": [
    0.6439150032195751
  ],
  "braycurtis": [
    0.43859193911088046
  ],
  "dice": [
    0.4748338081671415
  ],
  "cosinus": [
    0.13926631342643048
  ]
}