{
  "voc_eval_res": {
    "precision": 66.6667,
    "recall": 41.2371,
    "f-score": 50.9554
  },
  "KL_res": {
    "KL divergence": 2.0502585698133204,
    "Euclidean Dist.": 0.16197157687957486,
    "WER": 0.582089552238806,
    "CER": 0.44029850746268656,
    "Cosine Dist.": 0.16138342161737806
  },
  "occ_eval_res": {
    "precision": 65.0485,
    "recall": 50.0,
    "f-score": 56.5401
  },
  "clean_eval": {
    "f-score": 55.41125541125541,
    "precision": 49.6124031007752,
    "recall": 62.745098039215684,
    "tp": 64,
    "fp": 65,
    "fn": 38
  },
  "jaccard": [
    0.4759959141981614
  ],
  "braycurtis": [
    0.2315227070347284
  ],
  "dice": [
    0.31233243967828417
  ],
  "cosinus": [
    0.054593203236490306
  ]
}