{
  "voc_eval_res": {
    "precision": 65.0,
    "recall": 50.6494,
    "f-score": 56.9343
  },
  "KL_res": {
    "KL divergence": 1.7863314656235312,
    "Euclidean Dist.": 0.12303367497245941,
    "WER": 0.5982142857142857,
    "CER": 0.4902173913043478,
    "Cosine Dist.": 0.14911385264222698
  },
  "occ_eval_res": {
    "precision": 65.2632,
    "recall": 55.3571,
    "f-score": 59.9034
  },
  "clean_eval": {
    "f-score": 58.333333333333336,
    "precision": 56.00000000000001,
    "recall": 60.86956521739131,
    "tp": 56,
    "fp": 44,
    "fn": 36
  },
  "jaccard": [
    0.4352392065344224
  ],
  "braycurtis": [
    0.22068230277185502
  ],
  "dice": [
    0.27815063385533184
  ],
  "cosinus": [
    0.052151235699243514
  ]
}