{
  "voc_eval_res": {
    "precision": 26.5213,
    "recall": 49.5215,
    "f-score": 34.543
  },
  "KL_res": {
    "KL divergence": 0.2987062188237636,
    "Euclidean Dist.": 0.03272898277873203,
    "WER": 0.5165274597697442,
    "CER": 0.22279740111909405,
    "Cosine Dist.": 0.038485980047627155
  },
  "occ_eval_res": {
    "precision": 59.746,
    "recall": 55.4976,
    "f-score": 57.5435
  },
  "clean_eval": {
    "f-score": 48.0758542870135,
    "precision": 46.793269348982456,
    "recall": 49.430731002000016,
    "tp": 57092,
    "fp": 64917,
    "fn": 58407
  },
  "jaccard": [
    0.6859322351179333
  ],
  "braycurtis": [
    0.19753474429243695
  ],
  "dice": [
    0.5219915239146693
  ],
  "cosinus": [
    0.028382549970217608
  ]
}