{
  "voc_eval_res": {
    "precision": 31.0345,
    "recall": 19.5652,
    "f-score": 24.0
  },
  "KL_res": {
    "KL divergence": 4.749674085644897,
    "Euclidean Dist.": 0.21061934501377413,
    "WER": 0.8125,
    "CER": 0.6616766467065869,
    "Cosine Dist.": 0.5242288902283365
  },
  "occ_eval_res": {
    "precision": 30.303,
    "recall": 20.8333,
    "f-score": 24.6914
  },
  "clean_eval": {
    "f-score": 18.666666666666664,
    "precision": 16.666666666666664,
    "recall": 21.21212121212121,
    "tp": 7,
    "fp": 35,
    "fn": 26
  },
  "jaccard": [
    0.7377567140600316
  ],
  "braycurtis": [
    0.5964285714285714
  ],
  "dice": [
    0.5844806007509387
  ],
  "cosinus": [
    0.3829231655316431
  ]
}