{
  "voc_eval_res": {
    "precision": 50.0,
    "recall": 31.5789,
    "f-score": 38.7097
  },
  "KL_res": {
    "KL divergence": 4.186949435390336,
    "Euclidean Dist.": 0.24916840315106,
    "WER": 0.7692307692307693,
    "CER": 0.6258992805755396,
    "Cosine Dist.": 0.47066959470846415
  },
  "occ_eval_res": {
    "precision": 50.0,
    "recall": 26.9231,
    "f-score": 35.0
  },
  "clean_eval": {
    "f-score": 20.895522388059703,
    "precision": 15.217391304347828,
    "recall": 33.33333333333333,
    "tp": 7,
    "fp": 39,
    "fn": 14
  },
  "jaccard": [
    0.6392156862745098
  ],
  "braycurtis": [
    0.5236593059936908
  ],
  "dice": [
    0.4697406340057637
  ],
  "cosinus": [
    0.2651210856681667
  ]
}