{
  "voc_eval_res": {
    "precision": 42.8571,
    "recall": 33.3333,
    "f-score": 37.5
  },
  "KL_res": {
    "KL divergence": 4.9953096098406595,
    "Euclidean Dist.": 0.4273792943329026,
    "WER": 0.9,
    "CER": 0.8,
    "Cosine Dist.": 0.5101020514433644
  },
  "occ_eval_res": {
    "precision": 42.8571,
    "recall": 30.0,
    "f-score": 35.2941
  },
  "clean_eval": {
    "f-score": 35.29411764705882,
    "precision": 30.0,
    "recall": 42.857142857142854,
    "tp": 3,
    "fp": 7,
    "fn": 4
  },
  "jaccard": [
    0.688622754491018
  ],
  "braycurtis": [
    0.5555555555555556
  ],
  "dice": [
    0.5251141552511416
  ],
  "cosinus": [
    0.4860726897900107
  ]
}