{
  "voc_eval_res": {
    "precision": 68.4414,
    "recall": 97.1322,
    "f-score": 80.301
  },
  "KL_res": {
    "KL divergence": 0.03135854947981292,
    "Euclidean Dist.": 0.011355351538734548,
    "WER": 0.6266635330062575,
    "CER": 0.6055884384371257,
    "Cosine Dist.": 0.003832927636976735
  },
  "occ_eval_res": {
    "precision": 62.0594,
    "recall": 99.388,
    "f-score": 76.4083
  },
  "clean_eval": {
    "f-score": 70.46826129361338,
    "precision": 92.64000786009039,
    "recall": 56.859859974551796,
    "tp": 94289,
    "fp": 7491,
    "fn": 71538
  },
  "jaccard": [
    0.4214553149926746
  ],
  "braycurtis": [
    0.24830993509321278
  ],
  "dice": [
    0.2669897906569042
  ],
  "cosinus": [
    0.009928850978849879
  ]
}