{
  "voc_eval_res": {
    "precision": 53.4884,
    "recall": 53.4884,
    "f-score": 53.4884
  },
  "KL_res": {
    "KL divergence": 1.8851752935813986,
    "Euclidean Dist.": 0.1789982976056035,
    "WER": 0.8225806451612904,
    "CER": 0.65,
    "Cosine Dist.": 0.10821898215979076
  },
  "occ_eval_res": {
    "precision": 50.7042,
    "recall": 58.0645,
    "f-score": 54.1353
  },
  "clean_eval": {
    "f-score": 25.599999999999994,
    "precision": 27.586206896551722,
    "recall": 23.88059701492537,
    "tp": 16,
    "fp": 42,
    "fn": 51
  },
  "jaccard": [
    0.5289389067524116
  ],
  "braycurtis": [
    0.3946700507614213
  ],
  "dice": [
    0.35956284153005463
  ],
  "cosinus": [
    0.21596794545955855
  ]
}