{
  "voc_eval_res": {
    "precision": 54.5455,
    "recall": 33.3333,
    "f-score": 41.3793
  },
  "KL_res": {
    "KL divergence": 4.989576365759005,
    "Euclidean Dist.": 0.3966204707848791,
    "WER": 0.8275862068965517,
    "CER": 0.7215189873417721,
    "Cosine Dist.": 0.4945716629977096
  },
  "occ_eval_res": {
    "precision": 61.5385,
    "recall": 27.5862,
    "f-score": 38.0952
  },
  "clean_eval": {
    "f-score": 35.0,
    "precision": 25.0,
    "recall": 58.333333333333336,
    "tp": 7,
    "fp": 21,
    "fn": 5
  },
  "jaccard": [
    0.5562913907284768
  ],
  "braycurtis": [
    0.4558011049723757
  ],
  "dice": [
    0.3853211009174312
  ],
  "cosinus": [
    0.38613247630332304
  ]
}