{
  "voc_eval_res": {
    "precision": 55.5556,
    "recall": 41.6667,
    "f-score": 47.619
  },
  "KL_res": {
    "KL divergence": 4.0057125222963865,
    "Euclidean Dist.": 0.4128836201153989,
    "WER": 0.7692307692307693,
    "CER": 0.6626506024096386,
    "Cosine Dist.": 0.4284523933505918
  },
  "occ_eval_res": {
    "precision": 45.4545,
    "recall": 38.4615,
    "f-score": 41.6667
  },
  "clean_eval": {
    "f-score": 45.45454545454545,
    "precision": 45.45454545454545,
    "recall": 45.45454545454545,
    "tp": 5,
    "fp": 6,
    "fn": 6
  },
  "jaccard": [
    0.6404494382022472
  ],
  "braycurtis": [
    0.5590062111801242
  ],
  "dice": [
    0.47107438016528924
  ],
  "cosinus": [
    0.47771594801189365
  ]
}