{
  "voc_eval_res": {
    "precision": 77.7778,
    "recall": 56.0,
    "f-score": 65.1163
  },
  "KL_res": {
    "KL divergence": 2.1141664813682493,
    "Euclidean Dist.": 0.24279908802599415,
    "WER": 0.5172413793103449,
    "CER": 0.47619047619047616,
    "Cosine Dist.": 0.2850796470157594
  },
  "occ_eval_res": {
    "precision": 66.6667,
    "recall": 55.1724,
    "f-score": 60.3774
  },
  "clean_eval": {
    "f-score": 55.99999999999999,
    "precision": 51.85185185185185,
    "recall": 60.86956521739131,
    "tp": 14,
    "fp": 13,
    "fn": 9
  },
  "jaccard": [
    0.4775
  ],
  "braycurtis": [
    0.3853211009174312
  ],
  "dice": [
    0.3136288998357964
  ],
  "cosinus": [
    0.33786486652739034
  ]
}