{
  "voc_eval_res": {
    "precision": 55.5793,
    "recall": 69.6192,
    "f-score": 61.812
  },
  "KL_res": {
    "KL divergence": 0.08945482900501592,
    "Euclidean Dist.": 0.014047324350876769,
    "WER": 0.2744743262877978,
    "CER": 0.09928477224307598,
    "Cosine Dist.": 0.006531651504590008
  },
  "occ_eval_res": {
    "precision": 81.1952,
    "recall": 86.7533,
    "f-score": 83.8823
  },
  "clean_eval": {
    "f-score": 66.65356806035837,
    "precision": 70.14114792964658,
    "recall": 63.49638133266783,
    "tp": 25443,
    "fp": 10831,
    "fn": 14627
  },
  "jaccard": [
    0.6364360704911886
  ],
  "braycurtis": [
    0.12374202027788209
  ],
  "dice": [
    0.4667445777334754
  ],
  "cosinus": [
    0.012904970317186404
  ]
}