{
  "voc_eval_res": {
    "precision": 74.6479,
    "recall": 55.2083,
    "f-score": 63.4731
  },
  "KL_res": {
    "KL divergence": 0.6266252865640576,
    "Euclidean Dist.": 0.07566112768504106,
    "WER": 0.328,
    "CER": 0.2798053527980535,
    "Cosine Dist.": 0.016084246843310335
  },
  "occ_eval_res": {
    "precision": 86.758,
    "recall": 76.0,
    "f-score": 81.0235
  },
  "clean_eval": {
    "f-score": 43.628509719222464,
    "precision": 40.725806451612904,
    "recall": 46.97674418604651,
    "tp": 101,
    "fp": 147,
    "fn": 114
  },
  "jaccard": [
    0.40078201368523947
  ],
  "braycurtis": [
    0.13218536338313497
  ],
  "dice": [
    0.2506112469437653
  ],
  "cosinus": [
    0.014147316374775176
  ]
}