{
  "voc_eval_res": {
    "precision": 80.7229,
    "recall": 70.5263,
    "f-score": 75.2809
  },
  "KL_res": {
    "KL divergence": 0.2874340589685335,
    "Euclidean Dist.": 0.038179249308699426,
    "WER": 0.20448179271708683,
    "CER": 0.15508387538514207,
    "Cosine Dist.": 0.003348413960068908
  },
  "occ_eval_res": {
    "precision": 90.5983,
    "recall": 89.0756,
    "f-score": 89.8305
  },
  "clean_eval": {
    "f-score": 59.09090909090911,
    "precision": 58.75706214689266,
    "recall": 59.42857142857143,
    "tp": 208,
    "fp": 146,
    "fn": 142
  },
  "jaccard": [
    0.2200902934537246
  ],
  "braycurtis": [
    0.05661022746707713
  ],
  "dice": [
    0.12365250475586556
  ],
  "cosinus": [
    0.0028138145649200252
  ]
}