{
  "voc_eval_res": {
    "precision": 80.2632,
    "recall": 51.6949,
    "f-score": 62.8866
  },
  "KL_res": {
    "KL divergence": 0.7486557250195098,
    "Euclidean Dist.": 0.07585945867865712,
    "WER": 0.3173431734317343,
    "CER": 0.2712623097582811,
    "Cosine Dist.": 0.013255626237834162
  },
  "occ_eval_res": {
    "precision": 87.4459,
    "recall": 74.5387,
    "f-score": 80.4781
  },
  "clean_eval": {
    "f-score": 52.439024390243894,
    "precision": 48.86363636363637,
    "recall": 56.57894736842105,
    "tp": 129,
    "fp": 135,
    "fn": 99
  },
  "jaccard": [
    0.39238263950398583
  ],
  "braycurtis": [
    0.12717852096090437
  ],
  "dice": [
    0.2440771349862259
  ],
  "cosinus": [
    0.012611150209672406
  ]
}