{
  "voc_eval_res": {
    "precision": 52.6316,
    "recall": 8.2474,
    "f-score": 14.2602
  },
  "KL_res": {
    "KL divergence": 4.977160210360981,
    "Euclidean Dist.": 0.3600503726933929,
    "WER": 0.8855116514690983,
    "CER": 0.7745241581259151,
    "Cosine Dist.": 0.7709993443074363
  },
  "occ_eval_res": {
    "precision": 54.5455,
    "recall": 12.766,
    "f-score": 20.6897
  },
  "clean_eval": {
    "f-score": 6.661115736885928,
    "precision": 4.110996916752312,
    "recall": 17.543859649122805,
    "tp": 40,
    "fp": 933,
    "fn": 188
  },
  "jaccard": [
    0.7292772560228665
  ],
  "braycurtis": [
    0.6162882638653564
  ],
  "dice": [
    0.5739074550128535
  ],
  "cosinus": [
    0.4834988335306887
  ]
}