{
  "voc_eval_res": {
    "precision": 53.5211,
    "recall": 8.0851,
    "f-score": 14.0481
  },
  "KL_res": {
    "KL divergence": 4.157714681467357,
    "Euclidean Dist.": 0.29942375208330013,
    "WER": 0.8613496932515338,
    "CER": 0.7572568324562893,
    "Cosine Dist.": 0.3831011456152912
  },
  "occ_eval_res": {
    "precision": 57.0776,
    "recall": 15.3374,
    "f-score": 24.1779
  },
  "clean_eval": {
    "f-score": 7.472959685349066,
    "precision": 4.738154613466334,
    "recall": 17.674418604651162,
    "tp": 38,
    "fp": 764,
    "fn": 177
  },
  "jaccard": [
    0.7432263443101292
  ],
  "braycurtis": [
    0.5954609565328889
  ],
  "dice": [
    0.5913764510779436
  ],
  "cosinus": [
    0.30768285925723493
  ]
}