{
  "voc_eval_res": {
    "precision": 59.0361,
    "recall": 25.5208,
    "f-score": 35.6364
  },
  "KL_res": {
    "KL divergence": 2.2782835741990564,
    "Euclidean Dist.": 0.2208872242288611,
    "WER": 0.640625,
    "CER": 0.45091225021720244,
    "Cosine Dist.": 0.1322291761017197
  },
  "occ_eval_res": {
    "precision": 58.6895,
    "recall": 45.9821,
    "f-score": 51.5645
  },
  "clean_eval": {
    "f-score": 15.849056603773585,
    "precision": 14.157303370786517,
    "recall": 18.0,
    "tp": 63,
    "fp": 382,
    "fn": 287
  },
  "jaccard": [
    0.4802955665024631
  ],
  "braycurtis": [
    0.2699059561128527
  ],
  "dice": [
    0.3160453808752026
  ],
  "cosinus": [
    0.1393561637469536
  ]
}