{
  "voc_eval_res": {
    "precision": 57.1429,
    "recall": 15.3355,
    "f-score": 24.1814
  },
  "KL_res": {
    "KL divergence": 2.28649310044032,
    "Euclidean Dist.": 0.22080178528646027,
    "WER": 0.7004538577912254,
    "CER": 0.5532945736434108,
    "Cosine Dist.": 0.04634355218089903
  },
  "occ_eval_res": {
    "precision": 63.285,
    "recall": 39.6369,
    "f-score": 48.7442
  },
  "clean_eval": {
    "f-score": 11.607992388201714,
    "precision": 9.546165884194053,
    "recall": 14.805825242718445,
    "tp": 61,
    "fp": 578,
    "fn": 351
  },
  "jaccard": [
    0.6548279689234184
  ],
  "braycurtis": [
    0.32033780657103195
  ],
  "dice": [
    0.4867986798679868
  ],
  "cosinus": [
    0.10182645293059744
  ]
}