{
  "voc_eval_res": {
    "precision": 50.4425,
    "recall": 19.1919,
    "f-score": 27.8049
  },
  "KL_res": {
    "KL divergence": 1.9699325469367133,
    "Euclidean Dist.": 0.19635131607998418,
    "WER": 0.6691729323308271,
    "CER": 0.38846928499496475,
    "Cosine Dist.": 0.052871418281585036
  },
  "occ_eval_res": {
    "precision": 52.4229,
    "recall": 44.7368,
    "f-score": 48.2759
  },
  "clean_eval": {
    "f-score": 18.329938900203665,
    "precision": 17.045454545454543,
    "recall": 19.823788546255507,
    "tp": 90,
    "fp": 438,
    "fn": 364
  },
  "jaccard": [
    0.5393824826717076
  ],
  "braycurtis": [
    0.21456692913385828
  ],
  "dice": [
    0.36928386540120794
  ],
  "cosinus": [
    0.03566937110968915
  ]
}