{
  "voc_eval_res": {
    "precision": 64.9351,
    "recall": 40.9836,
    "f-score": 50.2513
  },
  "KL_res": {
    "KL divergence": 1.3902224505799647,
    "Euclidean Dist.": 0.16694846375236924,
    "WER": 0.5904761904761905,
    "CER": 0.44957472660996356,
    "Cosine Dist.": 0.07714819636519843
  },
  "occ_eval_res": {
    "precision": 60.5341,
    "recall": 64.7619,
    "f-score": 62.5767
  },
  "clean_eval": {
    "f-score": 31.378763866877975,
    "precision": 32.56578947368421,
    "recall": 30.275229357798167,
    "tp": 99,
    "fp": 205,
    "fn": 228
  },
  "jaccard": [
    0.3973509933774834
  ],
  "braycurtis": [
    0.2204605511513779
  ],
  "dice": [
    0.24793388429752067
  ],
  "cosinus": [
    0.05244477774353906
  ]
}