{
  "voc_eval_res": {
    "precision": 13.1727,
    "recall": 24.1069,
    "f-score": 17.0363
  },
  "KL_res": {
    "KL divergence": 1.013240635837827,
    "Euclidean Dist.": 0.0758581705580028,
    "WER": 0.9596214511041009,
    "CER": 0.4391609510288148,
    "Cosine Dist.": 0.3283733229332112
  },
  "occ_eval_res": {
    "precision": 33.2339,
    "recall": 38.6435,
    "f-score": 35.7351
  },
  "clean_eval": {
    "f-score": 13.874983387232536,
    "precision": 15.205359743664435,
    "recall": 12.758676877953398,
    "tp": 1566,
    "fp": 8733,
    "fn": 10708
  },
  "jaccard": [
    0.7307948736943477
  ],
  "braycurtis": [
    0.3698613256218987
  ],
  "dice": [
    0.5757894122453744
  ],
  "cosinus": [
    0.13061230834852466
  ]
}