{
  "voc_eval_res": {
    "precision": 69.6187,
    "recall": 78.4859,
    "f-score": 73.7868
  },
  "KL_res": {
    "KL divergence": 0.11227031591028655,
    "Euclidean Dist.": 0.017960834228614993,
    "WER": 0.20613010269198295,
    "CER": 0.1010247558729792,
    "Cosine Dist.": 0.011054562787523592
  },
  "occ_eval_res": {
    "precision": 86.1926,
    "recall": 84.3174,
    "f-score": 85.2447
  },
  "clean_eval": {
    "f-score": 80.45031815956925,
    "precision": 80.93840486930486,
    "recall": 79.96808282895121,
    "tp": 41090,
    "fp": 9677,
    "fn": 10293
  },
  "jaccard": [
    0.44169491525423726
  ],
  "braycurtis": [
    0.08003709056279082
  ],
  "dice": [
    0.2834457254731347
  ],
  "cosinus": [
    0.006995421055627338
  ]
}