{
  "voc_eval_res": {
    "precision": 63.6778,
    "recall": 43.5099,
    "f-score": 51.6965
  },
  "KL_res": {
    "KL divergence": 1.5463137026828773,
    "Euclidean Dist.": 0.2277321756362201,
    "WER": 0.6369112814895947,
    "CER": 0.5444936437651764,
    "Cosine Dist.": 0.6827946895027154
  },
  "occ_eval_res": {
    "precision": 71.6444,
    "recall": 44.1402,
    "f-score": 54.6256
  },
  "clean_eval": {
    "f-score": 42.039157739194685,
    "precision": 33.21657910099241,
    "recall": 57.243460764587525,
    "tp": 569,
    "fp": 1144,
    "fn": 425
  },
  "jaccard": [
    0.38871308016877637
  ],
  "braycurtis": [
    0.26063874610263754
  ],
  "dice": [
    0.24124386252045826
  ],
  "cosinus": [
    0.22328503087761975
  ]
}