{
  "voc_eval_res": {
    "precision": 72.3757,
    "recall": 78.4431,
    "f-score": 75.2874
  },
  "KL_res": {
    "KL divergence": 0.4005848350615703,
    "Euclidean Dist.": 0.0565345716602542,
    "WER": 0.46774193548387094,
    "CER": 0.35414847161572055,
    "Cosine Dist.": 0.03360010671961411
  },
  "occ_eval_res": {
    "precision": 76.0,
    "recall": 81.7204,
    "f-score": 78.7565
  },
  "clean_eval": {
    "f-score": 52.14007782101168,
    "precision": 54.17789757412399,
    "recall": 50.24999999999999,
    "tp": 201,
    "fp": 170,
    "fn": 199
  },
  "jaccard": [
    0.26515151515151514
  ],
  "braycurtis": [
    0.12438593043820004
  ],
  "dice": [
    0.15283842794759825
  ],
  "cosinus": [
    0.016852319882076694
  ]
}