{
  "voc_eval_res": {
    "precision": 69.4859,
    "recall": 47.5057,
    "f-score": 56.431
  },
  "KL_res": {
    "KL divergence": 0.6475492827797544,
    "Euclidean Dist.": 0.11169657408660404,
    "WER": 0.470615671641791,
    "CER": 0.38376960079965017,
    "Cosine Dist.": 0.004186251506300143
  },
  "occ_eval_res": {
    "precision": 83.2324,
    "recall": 64.1325,
    "f-score": 72.4447
  },
  "clean_eval": {
    "f-score": 44.875943905070116,
    "precision": 39.39393939393939,
    "recall": 52.130325814536334,
    "tp": 832,
    "fp": 1280,
    "fn": 764
  },
  "jaccard": [
    0.3711619506321493
  ],
  "braycurtis": [
    0.14839947905956544
  ],
  "dice": [
    0.22786915542413602
  ],
  "cosinus": [
    0.00810614335404014
  ]
}