{
  "voc_eval_res": {
    "precision": 40.9624,
    "recall": 90.3159,
    "f-score": 56.3621
  },
  "KL_res": {
    "KL divergence": 0.09796997742436792,
    "Euclidean Dist.": 0.01559484012013526,
    "WER": 1.2422267644583382,
    "CER": 1.1276162107078467,
    "Cosine Dist.": 0.007117329894477997
  },
  "occ_eval_res": {
    "precision": 45.4769,
    "recall": 96.4699,
    "f-score": 61.814
  },
  "clean_eval": {
    "f-score": 52.073406614143515,
    "precision": 81.4352113715171,
    "recall": 38.273673990684124,
    "tp": 33114,
    "fp": 7549,
    "fn": 53405
  },
  "jaccard": [
    0.5884159405799172
  ],
  "braycurtis": [
    0.3627183880571068
  ],
  "dice": [
    0.4168479635719707
  ],
  "cosinus": [
    0.008340019921286412
  ]
}