{
  "voc_eval_res": {
    "precision": 11.4286,
    "recall": 3.9841,
    "f-score": 5.9084
  },
  "KL_res": {
    "KL divergence": 4.770728560409628,
    "Euclidean Dist.": 0.27572654241325145,
    "WER": 0.9794520547945206,
    "CER": 0.7804382200135532,
    "Cosine Dist.": 0.9435544440173707
  },
  "occ_eval_res": {
    "precision": 9.3567,
    "recall": 4.3836,
    "f-score": 5.9701
  },
  "clean_eval": {
    "f-score": 1.1718750000000002,
    "precision": 0.8645533141210375,
    "recall": 1.8181818181818181,
    "tp": 6,
    "fp": 688,
    "fn": 324
  },
  "jaccard": [
    0.7790893760539629
  ],
  "braycurtis": [
    0.6552723943232107
  ],
  "dice": [
    0.638121546961326
  ],
  "cosinus": [
    0.5020953419983725
  ]
}