{
  "voc_eval_res": {
    "precision": 12.5,
    "recall": 2.4735,
    "f-score": 4.1298
  },
  "KL_res": {
    "KL divergence": 6.412484394094827,
    "Euclidean Dist.": 0.3976028489180269,
    "WER": 0.9838709677419355,
    "CER": 0.8244435111297774,
    "Cosine Dist.": 0.9460979749122866
  },
  "occ_eval_res": {
    "precision": 8.0357,
    "recall": 1.8145,
    "f-score": 2.9605
  },
  "clean_eval": {
    "f-score": 1.151631477927063,
    "precision": 0.7092198581560284,
    "recall": 3.061224489795918,
    "tp": 3,
    "fp": 420,
    "fn": 95
  },
  "jaccard": [
    0.8738823529411764
  ],
  "braycurtis": [
    0.7508939213349225
  ],
  "dice": [
    0.7760133723359799
  ],
  "cosinus": [
    0.49163261208259323
  ]
}