{
  "voc_eval_res": {
    "precision": 11.2676,
    "recall": 3.4261,
    "f-score": 5.2545
  },
  "KL_res": {
    "KL divergence": 4.7608584607863556,
    "Euclidean Dist.": 0.17730631275746345,
    "WER": 0.9719934102141681,
    "CER": 0.7962541128828144,
    "Cosine Dist.": 0.7476641419032904
  },
  "occ_eval_res": {
    "precision": 15.0485,
    "recall": 5.1071,
    "f-score": 7.6261
  },
  "clean_eval": {
    "f-score": 1.834862385321101,
    "precision": 1.2345679012345678,
    "recall": 3.571428571428571,
    "tp": 7,
    "fp": 560,
    "fn": 189
  },
  "jaccard": [
    0.7819922013470401
  ],
  "braycurtis": [
    0.6622710622710622
  ],
  "dice": [
    0.6420256111757858
  ],
  "cosinus": [
    0.2927668972744044
  ]
}