{
  "voc_eval_res": {
    "precision": 11.1111,
    "recall": 1.0638,
    "f-score": 1.9417
  },
  "KL_res": {
    "KL divergence": 6.296245546522387,
    "Euclidean Dist.": 0.35573326597849897,
    "WER": 0.9922279792746114,
    "CER": 0.899131872674659,
    "Cosine Dist.": 0.9626211299240873
  },
  "occ_eval_res": {
    "precision": 7.6923,
    "recall": 0.7772,
    "f-score": 1.4118
  },
  "clean_eval": {
    "f-score": 1.5873015873015872,
    "precision": 0.8823529411764706,
    "recall": 7.894736842105263,
    "tp": 3,
    "fp": 337,
    "fn": 35
  },
  "jaccard": [
    0.9008304836345872
  ],
  "braycurtis": [
    0.8367563739376771
  ],
  "dice": [
    0.8195555555555556
  ],
  "cosinus": [
    0.4200463105252745
  ]
}