{
  "voc_eval_res": {
    "precision": 67.0993,
    "recall": 87.8423,
    "f-score": 76.0823
  },
  "KL_res": {
    "KL divergence": 0.05491975060335799,
    "Euclidean Dist.": 0.010882251369337372,
    "WER": 0.16462009704263914,
    "CER": 0.06133582690355584,
    "Cosine Dist.": 0.0029051274885054656
  },
  "occ_eval_res": {
    "precision": 87.2422,
    "recall": 92.9793,
    "f-score": 90.0194
  },
  "clean_eval": {
    "f-score": 75.78681165834227,
    "precision": 78.92546747432183,
    "recall": 72.88824030159309,
    "tp": 29968,
    "fp": 8002,
    "fn": 11147
  },
  "jaccard": [
    0.5094039351851852
  ],
  "braycurtis": [
    0.09340121491565119
  ],
  "dice": [
    0.34174512277977287
  ],
  "cosinus": [
    0.015558209683922297
  ]
}