{
  "voc_eval_res": {
    "precision": 69.4467,
    "recall": 86.3976,
    "f-score": 77.0003
  },
  "KL_res": {
    "KL divergence": 0.04332361506616998,
    "Euclidean Dist.": 0.014149356058002332,
    "WER": 0.2224988269641833,
    "CER": 0.13323504583447277,
    "Cosine Dist.": 0.006575742817246932
  },
  "occ_eval_res": {
    "precision": 89.207,
    "recall": 84.0272,
    "f-score": 86.5396
  },
  "clean_eval": {
    "f-score": 74.66141211560911,
    "precision": 73.0325953503109,
    "recall": 76.3645399077883,
    "tp": 55320,
    "fp": 20427,
    "fn": 17122
  },
  "jaccard": [
    0.5930649386460775
  ],
  "braycurtis": [
    0.12167959199582358
  ],
  "dice": [
    0.42152971728159144
  ],
  "cosinus": [
    0.005928310558646732
  ]
}