{
  "voc_eval_res": {
    "precision": 46.9776,
    "recall": 92.9219,
    "f-score": 62.4055
  },
  "KL_res": {
    "KL divergence": 0.14172544333300735,
    "Euclidean Dist.": 0.011530773154920673,
    "WER": 0.17895050692946443,
    "CER": 0.10439183664100674,
    "Cosine Dist.": 0.0019255576151826492
  },
  "occ_eval_res": {
    "precision": 90.5905,
    "recall": 94.7093,
    "f-score": 92.6041
  },
  "clean_eval": {
    "f-score": 79.81753618968982,
    "precision": 82.56771118124738,
    "recall": 77.24466194533713,
    "tp": 668938,
    "fp": 141231,
    "fn": 197061
  },
  "jaccard": [
    0.6224275100269577
  ],
  "braycurtis": [
    0.07598727152686659
  ],
  "dice": [
    0.4518292246378541
  ],
  "cosinus": [
    0.008168078137381296
  ]
}