{
  "voc_eval_res": {
    "precision": 20.1967,
    "recall": 4.2255,
    "f-score": 6.9888
  },
  "KL_res": {
    "KL divergence": 1.0676841340948329,
    "Euclidean Dist.": 0.09112990217670146,
    "WER": 0.9964148576988215,
    "CER": 0.9876908245527573,
    "Cosine Dist.": 0.22637093487250737
  },
  "occ_eval_res": {
    "precision": 39.7107,
    "recall": 0.5269,
    "f-score": 1.04
  },
  "clean_eval": {
    "f-score": 0.15590116353423067,
    "precision": 0.0789958638259425,
    "recall": 5.89101620029455,
    "tp": 640,
    "fp": 809529,
    "fn": 10224
  },
  "jaccard": [
    0.7027401641966095
  ],
  "braycurtis": [
    0.9787898756630465
  ],
  "dice": [
    0.5417111859949042
  ],
  "cosinus": [
    0.09763344092767168
  ]
}