{
  "voc_eval_res": {
    "precision": 51.8662,
    "recall": 67.335,
    "f-score": 58.5969
  },
  "KL_res": {
    "KL divergence": 0.49981923135008804,
    "Euclidean Dist.": 0.03443144927946957,
    "WER": 0.48280295724847316,
    "CER": 0.2805083792599258,
    "Cosine Dist.": 0.027451881232750996
  },
  "occ_eval_res": {
    "precision": 65.3743,
    "recall": 78.5921,
    "f-score": 71.3764
  },
  "clean_eval": {
    "f-score": 58.39181286549707,
    "precision": 65.28277214776071,
    "recall": 52.816715154720974,
    "tp": 1997,
    "fp": 1062,
    "fn": 1784
  },
  "jaccard": [
    0.5000889521437467
  ],
  "braycurtis": [
    0.20149253731343283
  ],
  "dice": [
    0.33341240659471
  ],
  "cosinus": [
    0.023889066436239115
  ]
}