{
  "voc_eval_res": {
    "precision": 93.2432,
    "recall": 62.9179,
    "f-score": 75.1361
  },
  "KL_res": {
    "KL divergence": 0.3458306300762623,
    "Euclidean Dist.": 0.03693933115904487,
    "WER": 0.4317375886524823,
    "CER": 0.4023138832997988,
    "Cosine Dist.": 0.013566376215499942
  },
  "occ_eval_res": {
    "precision": 96.338,
    "recall": 60.6383,
    "f-score": 74.4287
  },
  "clean_eval": {
    "f-score": 52.75724843661172,
    "precision": 43.00278035217794,
    "recall": 68.23529411764706,
    "tp": 464,
    "fp": 615,
    "fn": 216
  },
  "jaccard": [
    0.2474964234620887
  ],
  "braycurtis": [
    0.23501567590828057
  ],
  "dice": [
    0.14122448979591837
  ],
  "cosinus": [
    0.007466118313387504
  ]
}