{
  "voc_eval_res": {
    "precision": 87.7551,
    "recall": 56.7657,
    "f-score": 68.9379
  },
  "KL_res": {
    "KL divergence": 0.36157614797244886,
    "Euclidean Dist.": 0.05162114177716663,
    "WER": 0.474370112945265,
    "CER": 0.4552223371251293,
    "Cosine Dist.": 0.006529385000053178
  },
  "occ_eval_res": {
    "precision": 94.7218,
    "recall": 57.689,
    "f-score": 71.7063
  },
  "clean_eval": {
    "f-score": 39.53488372093023,
    "precision": 31.70515097690941,
    "recall": 52.5,
    "tp": 357,
    "fp": 769,
    "fn": 323
  },
  "jaccard": [
    0.31388329979879276
  ],
  "braycurtis": [
    0.2519137535085481
  ],
  "dice": [
    0.18615751789976134
  ],
  "cosinus": [
    0.007120584508980454
  ]
}