{
  "voc_eval_res": {
    "precision": 35.9089,
    "recall": 58.7275,
    "f-score": 44.5672
  },
  "KL_res": {
    "KL divergence": 0.37533932898903005,
    "Euclidean Dist.": 0.06181014421217269,
    "WER": 0.6118476682780517,
    "CER": 0.22936569859846842,
    "Cosine Dist.": 0.15990418655358496
  },
  "occ_eval_res": {
    "precision": 56.9348,
    "recall": 73.9674,
    "f-score": 64.343
  },
  "clean_eval": {
    "f-score": 50.064503863441935,
    "precision": 59.58495628141516,
    "recall": 43.16726186991394,
    "tp": 36867,
    "fp": 25006,
    "fn": 48538
  },
  "jaccard": [
    0.7415346026678828
  ],
  "braycurtis": [
    0.23366212227448874
  ],
  "dice": [
    0.5892371806486683
  ],
  "cosinus": [
    0.055018089617830945
  ]
}