{
  "voc_eval_res": {
    "precision": 69.0382,
    "recall": 72.5639,
    "f-score": 70.7572
  },
  "KL_res": {
    "KL divergence": 0.03688100870855284,
    "Euclidean Dist.": 0.011036661203495833,
    "WER": 0.18778692628058327,
    "CER": 0.09027484590053196,
    "Cosine Dist.": 0.00494993603847671
  },
  "occ_eval_res": {
    "precision": 89.9037,
    "recall": 90.8269,
    "f-score": 90.363
  },
  "clean_eval": {
    "f-score": 74.30501037779474,
    "precision": 74.86861638150553,
    "recall": 73.74982655010834,
    "tp": 69094,
    "fp": 23193,
    "fn": 24593
  },
  "jaccard": [
    0.6110923660902573
  ],
  "braycurtis": [
    0.0903749365217435
  ],
  "dice": [
    0.43998056542467584
  ],
  "cosinus": [
    0.009763018927627654
  ]
}