{
  "voc_eval_res": {
    "precision": 80.5545,
    "recall": 95.6541,
    "f-score": 87.4574
  },
  "KL_res": {
    "KL divergence": 0.021855715300864824,
    "Euclidean Dist.": 0.0083087514177695,
    "WER": 0.04600355955925975,
    "CER": 0.019638123430154097,
    "Cosine Dist.": 0.002161667135157086
  },
  "occ_eval_res": {
    "precision": 96.2093,
    "recall": 97.4473,
    "f-score": 96.8243
  },
  "clean_eval": {
    "f-score": 91.53639187119882,
    "precision": 92.62594546643011,
    "recall": 90.47217297617757,
    "tp": 158709,
    "fp": 12635,
    "fn": 16714
  },
  "jaccard": [
    0.43392143808255657
  ],
  "braycurtis": [
    0.06292973943407809
  ],
  "dice": [
    0.27707514082261664
  ],
  "cosinus": [
    0.0057520694168810005
  ]
}