{
  "voc_eval_res": {
    "precision": 58.0786,
    "recall": 40.59,
    "f-score": 47.7844
  },
  "KL_res": {
    "KL divergence": 0.7708149008604611,
    "Euclidean Dist.": 0.051455986866798115,
    "WER": 0.5844411619891678,
    "CER": 0.3884182365399621,
    "Cosine Dist.": 0.05763410326179885
  },
  "occ_eval_res": {
    "precision": 60.9116,
    "recall": 65.1403,
    "f-score": 62.955
  },
  "clean_eval": {
    "f-score": 41.77246701518546,
    "precision": 43.003587903639165,
    "recall": 40.609874152952564,
    "tp": 839,
    "fp": 1112,
    "fn": 1227
  },
  "jaccard": [
    0.3762620044324058
  ],
  "braycurtis": [
    0.1362653208363374
  ],
  "dice": [
    0.23172581134364573
  ],
  "cosinus": [
    0.012098328803759939
  ]
}