{
  "voc_eval_res": {
    "precision": 53.8217,
    "recall": 25.9601,
    "f-score": 35.0259
  },
  "KL_res": {
    "KL divergence": 1.4391508885964082,
    "Euclidean Dist.": 0.08196020196817201,
    "WER": 0.6710204081632654,
    "CER": 0.5039385881290452,
    "Cosine Dist.": 0.08747895704084929
  },
  "occ_eval_res": {
    "precision": 59.8417,
    "recall": 46.2857,
    "f-score": 52.1979
  },
  "clean_eval": {
    "f-score": 33.79807692307692,
    "precision": 29.800763035184403,
    "recall": 39.03387007218212,
    "tp": 703,
    "fp": 1656,
    "fn": 1098
  },
  "jaccard": [
    0.507820434694292
  ],
  "braycurtis": [
    0.20101774319485205
  ],
  "dice": [
    0.34032126327252926
  ],
  "cosinus": [
    0.037874869067705985
  ]
}