{
  "voc_eval_res": {
    "precision": 55.1515,
    "recall": 34.6667,
    "f-score": 42.5731
  },
  "KL_res": {
    "KL divergence": 0.7823376832851283,
    "Euclidean Dist.": 0.07183899332883892,
    "WER": 0.6093693693693694,
    "CER": 0.46809373591707976,
    "Cosine Dist.": 0.030878267309239038
  },
  "occ_eval_res": {
    "precision": 66.7945,
    "recall": 62.7748,
    "f-score": 64.7223
  },
  "clean_eval": {
    "f-score": 31.02450318348447,
    "precision": 30.022404779686333,
    "recall": 32.09580838323353,
    "tp": 804,
    "fp": 1874,
    "fn": 1701
  },
  "jaccard": [
    0.46674057649667405
  ],
  "braycurtis": [
    0.14402130973611144
  ],
  "dice": [
    0.30441070137382503
  ],
  "cosinus": [
    0.014539402092016984
  ]
}