{
  "voc_eval_res": {
    "precision": 56.3793,
    "recall": 25.7278,
    "f-score": 35.3323
  },
  "KL_res": {
    "KL divergence": 1.2445418060314897,
    "Euclidean Dist.": 0.07369520527179904,
    "WER": 0.6552427580579355,
    "CER": 0.5011943863839953,
    "Cosine Dist.": 0.05717445821351941
  },
  "occ_eval_res": {
    "precision": 62.7956,
    "recall": 48.7556,
    "f-score": 54.8921
  },
  "clean_eval": {
    "f-score": 30.736443286762967,
    "precision": 27.14345462149728,
    "recall": 35.42576419213974,
    "tp": 649,
    "fp": 1742,
    "fn": 1183
  },
  "jaccard": [
    0.5113376326190971
  ],
  "braycurtis": [
    0.19373318988703603
  ],
  "dice": [
    0.34348798211291226
  ],
  "cosinus": [
    0.030339269017153114
  ]
}