{
  "voc_eval_res": {
    "precision": 61.7778,
    "recall": 47.0655,
    "f-score": 53.4273
  },
  "KL_res": {
    "KL divergence": 0.7061476912208025,
    "Euclidean Dist.": 0.06282151773627219,
    "WER": 0.5534084809447128,
    "CER": 0.3405743531418823,
    "Cosine Dist.": 0.08146091830766666
  },
  "occ_eval_res": {
    "precision": 60.2046,
    "recall": 69.5115,
    "f-score": 64.5242
  },
  "clean_eval": {
    "f-score": 45.98842018196858,
    "precision": 49.20353982300885,
    "recall": 43.16770186335403,
    "tp": 834,
    "fp": 861,
    "fn": 1098
  },
  "jaccard": [
    0.3542267050912584
  ],
  "braycurtis": [
    0.15007180469123982
  ],
  "dice": [
    0.21523420399824894
  ],
  "cosinus": [
    0.02068434028277677
  ]
}