{
  "voc_eval_res": {
    "precision": 40.9184,
    "recall": 90.8744,
    "f-score": 56.4285
  },
  "KL_res": {
    "KL divergence": 0.09751606611947554,
    "Euclidean Dist.": 0.015446849754162014,
    "WER": 1.233136948418901,
    "CER": 1.1239624432773292,
    "Cosine Dist.": 0.007169753989237915
  },
  "occ_eval_res": {
    "precision": 45.5496,
    "recall": 96.6767,
    "f-score": 61.9236
  },
  "clean_eval": {
    "f-score": 52.608825517599165,
    "precision": 82.29840395445491,
    "recall": 38.66149100613455,
    "tp": 33465,
    "fp": 7198,
    "fn": 53094
  },
  "jaccard": [
    0.5883987743176797
  ],
  "braycurtis": [
    0.3632023184598957
  ],
  "dice": [
    0.41683073350497246
  ],
  "cosinus": [
    0.008674039127072986
  ]
}