{
  "voc_eval_res": {
    "precision": 43.4758,
    "recall": 90.4335,
    "f-score": 58.7214
  },
  "KL_res": {
    "KL divergence": 0.09876300578585817,
    "Euclidean Dist.": 0.01480667716664204,
    "WER": 1.2265239870145486,
    "CER": 1.1251208486843824,
    "Cosine Dist.": 0.00709684475093586
  },
  "occ_eval_res": {
    "precision": 45.5609,
    "recall": 96.7007,
    "f-score": 61.9391
  },
  "clean_eval": {
    "f-score": 52.99712313907972,
    "precision": 82.90583577207781,
    "recall": 38.94684550422255,
    "tp": 33712,
    "fp": 6951,
    "fn": 52847
  },
  "jaccard": [
    0.5765546713822576
  ],
  "braycurtis": [
    0.36286943321212384
  ],
  "dice": [
    0.40504166882343806
  ],
  "cosinus": [
    0.00854924649111144
  ]
}