{
  "voc_eval_res": {
    "precision": 55.5556,
    "recall": 31.8792,
    "f-score": 40.5117
  },
  "KL_res": {
    "KL divergence": 1.8254014934276324,
    "Euclidean Dist.": 0.08846819952030632,
    "WER": 0.6892177589852009,
    "CER": 0.5217537942664419,
    "Cosine Dist.": 0.06830347766580325
  },
  "occ_eval_res": {
    "precision": 65.9016,
    "recall": 42.4947,
    "f-score": 51.671
  },
  "clean_eval": {
    "f-score": 26.78311499272198,
    "precision": 21.80094786729858,
    "recall": 34.71698113207547,
    "tp": 92,
    "fp": 330,
    "fn": 173
  },
  "jaccard": [
    0.5534313725490196
  ],
  "braycurtis": [
    0.3266223612197029
  ],
  "dice": [
    0.3825821755337174
  ],
  "cosinus": [
    0.08451974867675527
  ]
}