{
  "voc_eval_res": {
    "precision": 41.75,
    "recall": 29.1449,
    "f-score": 34.3268
  },
  "KL_res": {
    "KL divergence": 1.4921669466995395,
    "Euclidean Dist.": 0.36286583722085414,
    "WER": 1.4368512110726643,
    "CER": 0.771418838358031,
    "Cosine Dist.": 0.1341852087264822
  },
  "occ_eval_res": {
    "precision": 28.5714,
    "recall": 52.5952,
    "f-score": 37.028
  },
  "clean_eval": {
    "f-score": 10.799136069114471,
    "precision": 15.486725663716813,
    "recall": 8.289909995262908,
    "tp": 175,
    "fp": 955,
    "fn": 1936
  },
  "jaccard": [
    0.5630252100840336
  ],
  "braycurtis": [
    0.4491390728476821
  ],
  "dice": [
    0.391812865497076
  ],
  "cosinus": [
    0.23514047512391278
  ]
}