{
  "voc_eval_res": {
    "precision": 38.961,
    "recall": 8.4507,
    "f-score": 13.8889
  },
  "KL_res": {
    "KL divergence": 4.713078044474688,
    "Euclidean Dist.": 0.7022818712061505,
    "WER": 0.974155069582505,
    "CER": 0.7807637906647807,
    "Cosine Dist.": 0.8951614408188514
  },
  "occ_eval_res": {
    "precision": 15.0215,
    "recall": 6.9583,
    "f-score": 9.5109
  },
  "clean_eval": {
    "f-score": 4.347826086956521,
    "precision": 3.296703296703297,
    "recall": 6.382978723404255,
    "tp": 15,
    "fp": 440,
    "fn": 220
  },
  "jaccard": [
    0.7761614265603003
  ],
  "braycurtis": [
    0.7340009770395701
  ],
  "dice": [
    0.63420245398773
  ],
  "cosinus": [
    0.7682426434536499
  ]
}