{
  "voc_eval_res": {
    "precision": 33.3333,
    "recall": 23.0769,
    "f-score": 27.2727
  },
  "KL_res": {
    "KL divergence": 4.84912212938883,
    "Euclidean Dist.": 0.22300105630751937,
    "WER": 0.8205128205128205,
    "CER": 0.5619834710743802,
    "Cosine Dist.": 0.5416666666666666
  },
  "occ_eval_res": {
    "precision": 31.0345,
    "recall": 23.0769,
    "f-score": 26.4706
  },
  "clean_eval": {
    "f-score": 21.53846153846154,
    "precision": 18.91891891891892,
    "recall": 25.0,
    "tp": 7,
    "fp": 30,
    "fn": 21
  },
  "jaccard": [
    0.549165120593692
  ],
  "braycurtis": [
    0.38461538461538464
  ],
  "dice": [
    0.37851662404092073
  ],
  "cosinus": [
    0.2068208263344291
  ]
}