{
  "voc_eval_res": {
    "precision": 53.6585,
    "recall": 5.379,
    "f-score": 9.7778
  },
  "KL_res": {
    "KL divergence": 5.660080568135688,
    "Euclidean Dist.": 0.23339891807134786,
    "WER": 0.968562874251497,
    "CER": 0.8848184818481848,
    "Cosine Dist.": 0.8551391527966867
  },
  "occ_eval_res": {
    "precision": 53.8462,
    "recall": 4.1916,
    "f-score": 7.7778
  },
  "clean_eval": {
    "f-score": 5.414012738853502,
    "precision": 2.9209621993127146,
    "recall": 36.95652173913043,
    "tp": 17,
    "fp": 565,
    "fn": 29
  },
  "jaccard": [
    0.8534902597402597
  ],
  "braycurtis": [
    0.7981574539363484
  ],
  "dice": [
    0.744424778761062
  ],
  "cosinus": [
    0.4331410794055477
  ]
}