{
  "voc_eval_res": {
    "precision": 42.5926,
    "recall": 6.25,
    "f-score": 10.9005
  },
  "KL_res": {
    "KL divergence": 4.43493609191407,
    "Euclidean Dist.": 0.1813926940246317,
    "WER": 0.9489194499017681,
    "CER": 0.8504258943781942,
    "Cosine Dist.": 0.6507664831885703
  },
  "occ_eval_res": {
    "precision": 43.75,
    "recall": 5.501,
    "f-score": 9.7731
  },
  "clean_eval": {
    "f-score": 6.563706563706565,
    "precision": 3.711790393013101,
    "recall": 28.333333333333332,
    "tp": 17,
    "fp": 441,
    "fn": 43
  },
  "jaccard": [
    0.7892018779342723
  ],
  "braycurtis": [
    0.7423519506034241
  ],
  "dice": [
    0.6518030244280729
  ],
  "cosinus": [
    0.23759438458343352
  ]
}