{
  "voc_eval_res": {
    "precision": 16.2326,
    "recall": 34.0737,
    "f-score": 21.9895
  },
  "KL_res": {
    "KL divergence": 0.4003338216777926,
    "Euclidean Dist.": 0.046407440718190265,
    "WER": 0.6079289350610244,
    "CER": 0.1762301143692493,
    "Cosine Dist.": 0.08136870056173096
  },
  "occ_eval_res": {
    "precision": 51.1477,
    "recall": 52.8837,
    "f-score": 52.0012
  },
  "clean_eval": {
    "f-score": 35.44778122026786,
    "precision": 35.29537504858142,
    "recall": 35.601509286029305,
    "tp": 36326,
    "fp": 66594,
    "fn": 65709
  },
  "jaccard": [
    0.7109286853674668
  ],
  "braycurtis": [
    0.2074914371922065
  ],
  "dice": [
    0.5515045422992183
  ],
  "cosinus": [
    0.03496117280113731
  ]
}