{
  "voc_eval_res": {
    "precision": 35.3535,
    "recall": 6.3177,
    "f-score": 10.7198
  },
  "KL_res": {
    "KL divergence": 3.7940087890105265,
    "Euclidean Dist.": 0.21716051059952146,
    "WER": 0.8846153846153846,
    "CER": 0.7231907025884838,
    "Cosine Dist.": 0.3291266794938683
  },
  "occ_eval_res": {
    "precision": 39.8496,
    "recall": 15.0997,
    "f-score": 21.9008
  },
  "clean_eval": {
    "f-score": 4.530011325028313,
    "precision": 3.225806451612903,
    "recall": 7.604562737642586,
    "tp": 20,
    "fp": 600,
    "fn": 243
  },
  "jaccard": [
    0.7490139835066332
  ],
  "braycurtis": [
    0.5425061425061425
  ],
  "dice": [
    0.5987388936658068
  ],
  "cosinus": [
    0.238355801210143
  ]
}