{
  "voc_eval_res": {
    "precision": 38.8235,
    "recall": 7.5688,
    "f-score": 12.6679
  },
  "KL_res": {
    "KL divergence": 4.0534735527608365,
    "Euclidean Dist.": 0.266197593960232,
    "WER": 0.9005524861878453,
    "CER": 0.6928783382789317,
    "Cosine Dist.": 0.5836281003691612
  },
  "occ_eval_res": {
    "precision": 30.7359,
    "recall": 13.0755,
    "f-score": 18.3463
  },
  "clean_eval": {
    "f-score": 8.882521489971348,
    "precision": 6.163021868787276,
    "recall": 15.897435897435896,
    "tp": 31,
    "fp": 472,
    "fn": 164
  },
  "jaccard": [
    0.7125284738041002
  ],
  "braycurtis": [
    0.5349185234452943
  ],
  "dice": [
    0.5534324133050248
  ],
  "cosinus": [
    0.3242651542670474
  ]
}