{
  "voc_eval_res": {
    "precision": 31.8182,
    "recall": 3.1993,
    "f-score": 5.814
  },
  "KL_res": {
    "KL divergence": 4.04387442408296,
    "Euclidean Dist.": 0.26361247159656687,
    "WER": 0.938122332859175,
    "CER": 0.8216599190283401,
    "Cosine Dist.": 0.4954221228547523
  },
  "occ_eval_res": {
    "precision": 34.0206,
    "recall": 7.0413,
    "f-score": 11.6676
  },
  "clean_eval": {
    "f-score": 3.6848792884371027,
    "precision": 2.248062015503876,
    "recall": 10.211267605633804,
    "tp": 29,
    "fp": 1261,
    "fn": 255
  },
  "jaccard": [
    0.7951635846372689
  ],
  "braycurtis": [
    0.7026588845654993
  ],
  "dice": [
    0.6599763872491146
  ],
  "cosinus": [
    0.39113689850038824
  ]
}