{
  "voc_eval_res": {
    "precision": 38.2114,
    "recall": 3.6182,
    "f-score": 6.6104
  },
  "KL_res": {
    "KL divergence": 4.2196269929526675,
    "Euclidean Dist.": 0.2630185218410678,
    "WER": 0.9558823529411765,
    "CER": 0.8407394843962008,
    "Cosine Dist.": 0.7716837795160982
  },
  "occ_eval_res": {
    "precision": 32.6861,
    "recall": 5.9412,
    "f-score": 10.0548
  },
  "clean_eval": {
    "f-score": 3.750689464975179,
    "precision": 2.253147779986746,
    "recall": 11.18421052631579,
    "tp": 34,
    "fp": 1475,
    "fn": 270
  },
  "jaccard": [
    0.7975603425901895
  ],
  "braycurtis": [
    0.7295445105911671
  ],
  "dice": [
    0.6632851284265056
  ],
  "cosinus": [
    0.4120955101316677
  ]
}