{
  "voc_eval_res": {
    "precision": 75.4098,
    "recall": 59.7403,
    "f-score": 66.6667
  },
  "KL_res": {
    "KL divergence": 1.3059759585075392,
    "Euclidean Dist.": 0.11140296421151641,
    "WER": 0.5327868852459017,
    "CER": 0.39316987740805603,
    "Cosine Dist.": 0.10388126682292642
  },
  "occ_eval_res": {
    "precision": 74.0385,
    "recall": 63.1148,
    "f-score": 68.1416
  },
  "clean_eval": {
    "f-score": 59.25925925925925,
    "precision": 55.65217391304348,
    "recall": 63.366336633663366,
    "tp": 64,
    "fp": 51,
    "fn": 37
  },
  "jaccard": [
    0.3511166253101737
  ],
  "braycurtis": [
    0.18156553960166744
  ],
  "dice": [
    0.2129420617005267
  ],
  "cosinus": [
    0.041329318786088254
  ]
}