{
  "voc_eval_res": {
    "precision": 80.3279,
    "recall": 67.1233,
    "f-score": 73.1343
  },
  "KL_res": {
    "KL divergence": 0.6971224315496336,
    "Euclidean Dist.": 0.1818808340930059,
    "WER": 0.46621621621621623,
    "CER": 0.3187808896210873,
    "Cosine Dist.": 0.06069531649767612
  },
  "occ_eval_res": {
    "precision": 73.7179,
    "recall": 77.7027,
    "f-score": 75.6579
  },
  "clean_eval": {
    "f-score": 71.28712871287128,
    "precision": 73.46938775510205,
    "recall": 69.23076923076923,
    "tp": 108,
    "fp": 39,
    "fn": 48
  },
  "jaccard": [
    0.22106631989596878
  ],
  "braycurtis": [
    0.13984596676124847
  ],
  "dice": [
    0.12426900584795321
  ],
  "cosinus": [
    0.04559627627726659
  ]
}