{
  "voc_eval_res": {
    "precision": 40.3282,
    "recall": 16.6231,
    "f-score": 23.5422
  },
  "KL_res": {
    "KL divergence": 0.33358074547721955,
    "Euclidean Dist.": 0.03443851919762141,
    "WER": 0.9510330940820065,
    "CER": 0.9279200278519427,
    "Cosine Dist.": 0.031826431142404465
  },
  "occ_eval_res": {
    "precision": 71.9027,
    "recall": 5.4887,
    "f-score": 10.1988
  },
  "clean_eval": {
    "f-score": 8.089949581376118,
    "precision": 4.359720245095005,
    "recall": 56.0292713967547,
    "tp": 7044,
    "fp": 154526,
    "fn": 5528
  },
  "jaccard": [
    0.6100972747005386
  ],
  "braycurtis": [
    0.8738544658005488
  ],
  "dice": [
    0.4389496211463937
  ],
  "cosinus": [
    0.01708686108309132
  ]
}