{
  "voc_eval_res": {
    "precision": 48.1818,
    "recall": 51.7331,
    "f-score": 49.8944
  },
  "KL_res": {
    "KL divergence": 0.11709572472304582,
    "Euclidean Dist.": 0.015491630957909015,
    "WER": 0.7191267940703323,
    "CER": 0.6642070031719685,
    "Cosine Dist.": 0.007164548084947153
  },
  "occ_eval_res": {
    "precision": 82.6748,
    "recall": 30.4716,
    "f-score": 44.5305
  },
  "clean_eval": {
    "f-score": 41.54325978976551,
    "precision": 28.533949719399764,
    "recall": 76.35560713931862,
    "tp": 53946,
    "fp": 135113,
    "fn": 16705
  },
  "jaccard": [
    0.5484239868486884
  ],
  "braycurtis": [
    0.5080664424417232
  ],
  "dice": [
    0.37781279235806786
  ],
  "cosinus": [
    0.014324579618911759
  ]
}