{
  "voc_eval_res": {
    "precision": 18.6085,
    "recall": 51.3299,
    "f-score": 27.3147
  },
  "KL_res": {
    "KL divergence": 0.4200220339509832,
    "Euclidean Dist.": 0.04105190908825022,
    "WER": 1.866947216544427,
    "CER": 1.3931697630059314,
    "Cosine Dist.": 0.0638262519086562
  },
  "occ_eval_res": {
    "precision": 37.6572,
    "recall": 75.52,
    "f-score": 50.2552
  },
  "clean_eval": {
    "f-score": 14.881448726047589,
    "precision": 21.724909622998794,
    "recall": 11.316645743127257,
    "tp": 8834,
    "fp": 31829,
    "fn": 69228
  },
  "jaccard": [
    0.714027275257445
  ],
  "braycurtis": [
    0.3824585621542678
  ],
  "dice": [
    0.5552429390758576
  ],
  "cosinus": [
    0.023330252943843832
  ]
}