{
  "voc_eval_res": {
    "precision": 63.0137,
    "recall": 46.4646,
    "f-score": 53.4884
  },
  "KL_res": {
    "KL divergence": 1.3106668675917887,
    "Euclidean Dist.": 0.05911156275059515,
    "WER": 0.560067681895093,
    "CER": 0.45038866026520347,
    "Cosine Dist.": 0.09232359019577197
  },
  "occ_eval_res": {
    "precision": 70.3863,
    "recall": 55.4992,
    "f-score": 62.0624
  },
  "clean_eval": {
    "f-score": 47.83464566929133,
    "precision": 42.48251748251749,
    "recall": 54.729729729729726,
    "tp": 243,
    "fp": 329,
    "fn": 201
  },
  "jaccard": [
    0.4583333333333333
  ],
  "braycurtis": [
    0.209017397696643
  ],
  "dice": [
    0.2972972972972973
  ],
  "cosinus": [
    0.028997652257913842
  ]
}