{
  "voc_eval_res": {
    "precision": 58.2375,
    "recall": 58.2375,
    "f-score": 58.2375
  },
  "KL_res": {
    "KL divergence": 1.1494592464788358,
    "Euclidean Dist.": 0.0629848593617614,
    "WER": 0.6467391304347826,
    "CER": 0.4928571428571429,
    "Cosine Dist.": 0.1493343021140794
  },
  "occ_eval_res": {
    "precision": 60.2122,
    "recall": 61.6848,
    "f-score": 60.9396
  },
  "clean_eval": {
    "f-score": 49.29178470254958,
    "precision": 49.714285714285715,
    "recall": 48.87640449438202,
    "tp": 174,
    "fp": 176,
    "fn": 182
  },
  "jaccard": [
    0.34439834024896265
  ],
  "braycurtis": [
    0.1790345258553351
  ],
  "dice": [
    0.20802005012531327
  ],
  "cosinus": [
    0.029577194280663743
  ]
}