{
  "voc_eval_res": {
    "precision": 75.4685,
    "recall": 60.8516,
    "f-score": 67.3764
  },
  "KL_res": {
    "KL divergence": 0.6509294325029363,
    "Euclidean Dist.": 0.2081150145611235,
    "WER": 0.6363636363636364,
    "CER": 0.430657760670214,
    "Cosine Dist.": 0.013306252121229045
  },
  "occ_eval_res": {
    "precision": 61.7612,
    "recall": 71.4286,
    "f-score": 66.2441
  },
  "clean_eval": {
    "f-score": 55.13478818998716,
    "precision": 59.48753462603879,
    "recall": 51.3755980861244,
    "tp": 859,
    "fp": 585,
    "fn": 813
  },
  "jaccard": [
    0.36428571428571427
  ],
  "braycurtis": [
    0.21044977107460275
  ],
  "dice": [
    0.22270742358078602
  ],
  "cosinus": [
    0.09376659008088173
  ]
}