{
  "voc_eval_res": {
    "precision": 74.3316,
    "recall": 54.0856,
    "f-score": 62.6126
  },
  "KL_res": {
    "KL divergence": 1.3506303044288472,
    "Euclidean Dist.": 0.16292817871916068,
    "WER": 0.5597964376590331,
    "CER": 0.39864864864864863,
    "Cosine Dist.": 0.4939814286354949
  },
  "occ_eval_res": {
    "precision": 67.3813,
    "recall": 55.9796,
    "f-score": 61.1536
  },
  "clean_eval": {
    "f-score": 54.379817799579534,
    "precision": 49.67989756722151,
    "recall": 60.06191950464397,
    "tp": 388,
    "fp": 393,
    "fn": 258
  },
  "jaccard": [
    0.42667551426675515
  ],
  "braycurtis": [
    0.20363017583664209
  ],
  "dice": [
    0.271193589202868
  ],
  "cosinus": [
    0.07199899153929712
  ]
}