{
  "voc_eval_res": {
    "precision": 71.8274,
    "recall": 55.9289,
    "f-score": 62.8889
  },
  "KL_res": {
    "KL divergence": 1.144070049722897,
    "Euclidean Dist.": 0.13431527267244878,
    "WER": 0.5469973890339426,
    "CER": 0.40357643758765777,
    "Cosine Dist.": 0.3401836906913328
  },
  "occ_eval_res": {
    "precision": 68.779,
    "recall": 58.094,
    "f-score": 62.9866
  },
  "clean_eval": {
    "f-score": 55.38020086083214,
    "precision": 51.05820105820106,
    "recall": 60.50156739811913,
    "tp": 386,
    "fp": 370,
    "fn": 252
  },
  "jaccard": [
    0.4291095890410959
  ],
  "braycurtis": [
    0.19758256400494909
  ],
  "dice": [
    0.27316328755177677
  ],
  "cosinus": [
    0.04871722143359847
  ]
}