{
  "voc_eval_res": {
    "precision": 63.1776,
    "recall": 68.6884,
    "f-score": 65.8178
  },
  "KL_res": {
    "KL divergence": 0.28751018671734274,
    "Euclidean Dist.": 0.034568834360518934,
    "WER": 0.21159506386196095,
    "CER": 0.07421547821529323,
    "Cosine Dist.": 0.04492516896605114
  },
  "occ_eval_res": {
    "precision": 83.202,
    "recall": 82.3887,
    "f-score": 82.7933
  },
  "clean_eval": {
    "f-score": 75.77905085225264,
    "precision": 75.12129455646857,
    "recall": 76.44842742165649,
    "tp": 26786,
    "fp": 8871,
    "fn": 8252
  },
  "jaccard": [
    0.566916488222698
  ],
  "braycurtis": [
    0.11669774691226335
  ],
  "dice": [
    0.3955920806873366
  ],
  "cosinus": [
    0.01605281495998301
  ]
}