{
  "voc_eval_res": {
    "precision": 61.6505,
    "recall": 35.5742,
    "f-score": 45.1155
  },
  "KL_res": {
    "KL divergence": 1.7610332032858913,
    "Euclidean Dist.": 0.10809422793223826,
    "WER": 0.630648330058939,
    "CER": 0.5122651933701657,
    "Cosine Dist.": 0.05471760969343109
  },
  "occ_eval_res": {
    "precision": 68.8571,
    "recall": 47.3477,
    "f-score": 56.1118
  },
  "clean_eval": {
    "f-score": 39.811542991755,
    "precision": 33.267716535433074,
    "recall": 49.56011730205279,
    "tp": 169,
    "fp": 339,
    "fn": 172
  },
  "jaccard": [
    0.5188916876574308
  ],
  "braycurtis": [
    0.2376620139581256
  ],
  "dice": [
    0.35034013605442177
  ],
  "cosinus": [
    0.036508877972692755
  ]
}