{
  "voc_eval_res": {
    "precision": 57.1429,
    "recall": 30.9859,
    "f-score": 40.1826
  },
  "KL_res": {
    "KL divergence": 2.0570990492413,
    "Euclidean Dist.": 0.0848441704984616,
    "WER": 0.6648648648648648,
    "CER": 0.5382658054413779,
    "Cosine Dist.": 0.12719827889575297
  },
  "occ_eval_res": {
    "precision": 61.8384,
    "recall": 40.0,
    "f-score": 48.5777
  },
  "clean_eval": {
    "f-score": 34.61962513781698,
    "precision": 28.339350180505413,
    "recall": 44.47592067988669,
    "tp": 157,
    "fp": 397,
    "fn": 196
  },
  "jaccard": [
    0.517774343122102
  ],
  "braycurtis": [
    0.2786312849162011
  ],
  "dice": [
    0.34932221063607927
  ],
  "cosinus": [
    0.04208975263160841
  ]
}