{
  "voc_eval_res": {
    "precision": 70.5882,
    "recall": 87.8049,
    "f-score": 78.2609
  },
  "KL_res": {
    "KL divergence": 0.543063681401734,
    "Euclidean Dist.": 0.15767866457277355,
    "WER": 0.7230769230769231,
    "CER": 0.6540697674418605,
    "Cosine Dist.": 0.1267435045759171
  },
  "occ_eval_res": {
    "precision": 60.0,
    "recall": 87.6923,
    "f-score": 71.25
  },
  "clean_eval": {
    "f-score": 62.5,
    "precision": 76.92307692307693,
    "recall": 52.63157894736842,
    "tp": 50,
    "fp": 15,
    "fn": 45
  },
  "jaccard": [
    0.29698375870069604
  ],
  "braycurtis": [
    0.2510330578512397
  ],
  "dice": [
    0.17438692098092642
  ],
  "cosinus": [
    0.09662975742578439
  ]
}