{
  "voc_eval_res": {
    "precision": 78.1955,
    "recall": 28.7293,
    "f-score": 42.0202
  },
  "KL_res": {
    "KL divergence": 1.1430704106311254,
    "Euclidean Dist.": 0.10486142171909242,
    "WER": 0.5187096774193548,
    "CER": 0.42371977240398295,
    "Cosine Dist.": 0.02607396758995084
  },
  "occ_eval_res": {
    "precision": 85.8801,
    "recall": 57.2903,
    "f-score": 68.7307
  },
  "clean_eval": {
    "f-score": 30.890464933018123,
    "precision": 25.891677675033026,
    "recall": 38.28125,
    "tp": 196,
    "fp": 561,
    "fn": 316
  },
  "jaccard": [
    0.5400197628458498
  ],
  "braycurtis": [
    0.21044402751719826
  ],
  "dice": [
    0.36988155668358713
  ],
  "cosinus": [
    0.02891560105896529
  ]
}