{
  "voc_eval_res": {
    "precision": 79.1045,
    "recall": 27.1795,
    "f-score": 40.458
  },
  "KL_res": {
    "KL divergence": 1.3314429512515806,
    "Euclidean Dist.": 0.11336801004811552,
    "WER": 0.5704960835509139,
    "CER": 0.46361480941090644,
    "Cosine Dist.": 0.03636979274721075
  },
  "occ_eval_res": {
    "precision": 84.0336,
    "recall": 52.2193,
    "f-score": 64.4122
  },
  "clean_eval": {
    "f-score": 28.091872791519435,
    "precision": 22.5531914893617,
    "recall": 37.23653395784544,
    "tp": 159,
    "fp": 546,
    "fn": 268
  },
  "jaccard": [
    0.5757851615839782
  ],
  "braycurtis": [
    0.27022833074706276
  ],
  "dice": [
    0.4042825183764781
  ],
  "cosinus": [
    0.04787991881387055
  ]
}