{
  "voc_eval_res": {
    "precision": 73.4375,
    "recall": 30.2251,
    "f-score": 42.8246
  },
  "KL_res": {
    "KL divergence": 0.6527772122663099,
    "Euclidean Dist.": 0.2537765939618383,
    "WER": 0.6166426166426167,
    "CER": 0.3989936484368556,
    "Cosine Dist.": 0.039140977978366354
  },
  "occ_eval_res": {
    "precision": 61.5642,
    "recall": 70.8033,
    "f-score": 65.8613
  },
  "clean_eval": {
    "f-score": 29.37853107344633,
    "precision": 31.800391389432487,
    "recall": 27.29945401091978,
    "tp": 650,
    "fp": 1394,
    "fn": 1731
  },
  "jaccard": [
    0.5256101753179787
  ],
  "braycurtis": [
    0.23165610142630744
  ],
  "dice": [
    0.3564933550944276
  ],
  "cosinus": [
    0.09977727439203576
  ]
}