{
  "voc_eval_res": {
    "precision": 77.7778,
    "recall": 24.3243,
    "f-score": 37.0588
  },
  "KL_res": {
    "KL divergence": 1.2880914699562642,
    "Euclidean Dist.": 0.13917679205764366,
    "WER": 0.5671506352087115,
    "CER": 0.4749936852740591,
    "Cosine Dist.": 0.036487286720895074
  },
  "occ_eval_res": {
    "precision": 83.2599,
    "recall": 51.4519,
    "f-score": 63.6007
  },
  "clean_eval": {
    "f-score": 24.114285714285717,
    "precision": 19.447004608294932,
    "recall": 31.72932330827068,
    "tp": 211,
    "fp": 874,
    "fn": 454
  },
  "jaccard": [
    0.5867287543655413
  ],
  "braycurtis": [
    0.2536374658987572
  ],
  "dice": [
    0.41515650741350907
  ],
  "cosinus": [
    0.05297544837164303
  ]
}