{
  "voc_eval_res": {
    "precision": 54.3165,
    "recall": 46.0366,
    "f-score": 49.835
  },
  "KL_res": {
    "KL divergence": 0.5946596758527788,
    "Euclidean Dist.": 0.04734436994783893,
    "WER": 0.5774971297359357,
    "CER": 0.47841675032267317,
    "Cosine Dist.": 0.01527338067557582
  },
  "occ_eval_res": {
    "precision": 72.87,
    "recall": 74.6269,
    "f-score": 73.7379
  },
  "clean_eval": {
    "f-score": 28.55436081242533,
    "precision": 29.11084043848965,
    "recall": 28.01875732708089,
    "tp": 239,
    "fp": 582,
    "fn": 614
  },
  "jaccard": [
    0.37835153922542203
  ],
  "braycurtis": [
    0.12847801892042293
  ],
  "dice": [
    0.23331292100428658
  ],
  "cosinus": [
    0.01003177333055183
  ]
}