{
  "voc_eval_res": {
    "precision": 76.0228,
    "recall": 84.1899,
    "f-score": 79.8982
  },
  "KL_res": {
    "KL divergence": 0.05016413327095537,
    "Euclidean Dist.": 0.012608540664490265,
    "WER": 0.14224902447676482,
    "CER": 0.062161067717574174,
    "Cosine Dist.": 0.004914403352575092
  },
  "occ_eval_res": {
    "precision": 90.5351,
    "recall": 91.4694,
    "f-score": 90.9999
  },
  "clean_eval": {
    "f-score": 83.77920030573735,
    "precision": 86.24363776442722,
    "recall": 81.45169405590346,
    "tp": 105225,
    "fp": 16784,
    "fn": 23962
  },
  "jaccard": [
    0.4380692773086896
  ],
  "braycurtis": [
    0.058381004937205605
  ],
  "dice": [
    0.2804665219427063
  ],
  "cosinus": [
    0.009500124167557966
  ]
}