{
  "voc_eval_res": {
    "precision": 80.7254,
    "recall": 51.3852,
    "f-score": 62.7973
  },
  "KL_res": {
    "KL divergence": 0.8448555252422865,
    "Euclidean Dist.": 0.19673100896784904,
    "WER": 0.47384727537816657,
    "CER": 0.3515623444128015,
    "Cosine Dist.": 0.4518818658592306
  },
  "occ_eval_res": {
    "precision": 83.2852,
    "recall": 63.0217,
    "f-score": 71.7502
  },
  "clean_eval": {
    "f-score": 52.44710408206882,
    "precision": 45.92065868263473,
    "recall": 61.13602391629297,
    "tp": 2454,
    "fp": 2890,
    "fn": 1560
  },
  "jaccard": [
    0.28212290502793297
  ],
  "braycurtis": [
    0.13467913999671755
  ],
  "dice": [
    0.16422764227642275
  ],
  "cosinus": [
    0.07790800836561962
  ]
}