{
  "voc_eval_res": {
    "precision": 74.7771,
    "recall": 33.8329,
    "f-score": 46.5873
  },
  "KL_res": {
    "KL divergence": 1.289935010895213,
    "Euclidean Dist.": 0.23347324494108815,
    "WER": 0.6095409901783925,
    "CER": 0.5060617452187397,
    "Cosine Dist.": 0.5077664122654707
  },
  "occ_eval_res": {
    "precision": 82.1441,
    "recall": 47.7651,
    "f-score": 60.4056
  },
  "clean_eval": {
    "f-score": 35.8994501178319,
    "precision": 28.227300802964795,
    "recall": 49.29881337648328,
    "tp": 1371,
    "fp": 3486,
    "fn": 1410
  },
  "jaccard": [
    0.45935339188936647
  ],
  "braycurtis": [
    0.23073774540938025
  ],
  "dice": [
    0.29815623483745757
  ],
  "cosinus": [
    0.08064078660383367
  ]
}