{
  "voc_eval_res": {
    "precision": 71.1851,
    "recall": 39.2232,
    "f-score": 50.5779
  },
  "KL_res": {
    "KL divergence": 0.5494487174194593,
    "Euclidean Dist.": 0.0581591882103568,
    "WER": 0.5229050279329609,
    "CER": 0.3315083009537266,
    "Cosine Dist.": 0.06236202263353019
  },
  "occ_eval_res": {
    "precision": 77.2418,
    "recall": 65.1716,
    "f-score": 70.6952
  },
  "clean_eval": {
    "f-score": 48.59048465984881,
    "precision": 44.45890968266883,
    "recall": 53.56862745098039,
    "tp": 2732,
    "fp": 3413,
    "fn": 2368
  },
  "jaccard": [
    0.3697163253804246
  ],
  "braycurtis": [
    0.09595760275131082
  ],
  "dice": [
    0.22678036413920258
  ],
  "cosinus": [
    0.008881383581782698
  ]
}