{
  "voc_eval_res": {
    "precision": 31.2377,
    "recall": 54.6292,
    "f-score": 39.7474
  },
  "KL_res": {
    "KL divergence": 0.46486939872279265,
    "Euclidean Dist.": 0.04509450174494148,
    "WER": 0.4473847649393784,
    "CER": 0.1458103170973593,
    "Cosine Dist.": 0.07937631541630707
  },
  "occ_eval_res": {
    "precision": 63.6102,
    "recall": 66.2004,
    "f-score": 64.8795
  },
  "clean_eval": {
    "f-score": 57.09677419354837,
    "precision": 56.5891690271195,
    "recall": 57.61356822659395,
    "tp": 20178,
    "fp": 15479,
    "fn": 14845
  },
  "jaccard": [
    0.6650892665089266
  ],
  "braycurtis": [
    0.17710082630728935
  ],
  "dice": [
    0.4982275217531421
  ],
  "cosinus": [
    0.02970258252031377
  ]
}