{
  "voc_eval_res": {
    "precision": 51.8519,
    "recall": 7.6503,
    "f-score": 13.3333
  },
  "KL_res": {
    "KL divergence": 4.783601455156189,
    "Euclidean Dist.": 0.3235842803210456,
    "WER": 0.9244444444444444,
    "CER": 0.8221906116642959,
    "Cosine Dist.": 0.4842231721660222
  },
  "occ_eval_res": {
    "precision": 56.4103,
    "recall": 9.7778,
    "f-score": 16.6667
  },
  "clean_eval": {
    "f-score": 8.527131782945737,
    "precision": 5.0,
    "recall": 28.947368421052634,
    "tp": 11,
    "fp": 209,
    "fn": 27
  },
  "jaccard": [
    0.8239549839228296
  ],
  "braycurtis": [
    0.6998841251448435
  ],
  "dice": [
    0.7006151742993848
  ],
  "cosinus": [
    0.25821970348129164
  ]
}