{
  "voc_eval_res": {
    "precision": 34.4828,
    "recall": 31.25,
    "f-score": 32.7869
  },
  "KL_res": {
    "KL divergence": 3.503495647045117,
    "Euclidean Dist.": 0.14766734666140222,
    "WER": 0.8243243243243243,
    "CER": 0.6901893287435457,
    "Cosine Dist.": 0.36604468987737904
  },
  "occ_eval_res": {
    "precision": 36.3636,
    "recall": 32.4324,
    "f-score": 34.2857
  },
  "clean_eval": {
    "f-score": 28.57142857142857,
    "precision": 26.027397260273972,
    "recall": 31.666666666666664,
    "tp": 19,
    "fp": 54,
    "fn": 41
  },
  "jaccard": [
    0.610678531701891
  ],
  "braycurtis": [
    0.42105263157894735
  ],
  "dice": [
    0.43955164131305047
  ],
  "cosinus": [
    0.19378360598255284
  ]
}