{
  "voc_eval_res": {
    "precision": 38.8571,
    "recall": 24.5487,
    "f-score": 30.0885
  },
  "KL_res": {
    "KL divergence": 3.047965629716758,
    "Euclidean Dist.": 0.2943454827824938,
    "WER": 0.9194805194805195,
    "CER": 0.6190669371196754,
    "Cosine Dist.": 0.6810095053550071
  },
  "occ_eval_res": {
    "precision": 32.4561,
    "recall": 28.8312,
    "f-score": 30.5365
  },
  "clean_eval": {
    "f-score": 11.81434599156118,
    "precision": 11.023622047244094,
    "recall": 12.727272727272727,
    "tp": 42,
    "fp": 339,
    "fn": 288
  },
  "jaccard": [
    0.6179831097863885
  ],
  "braycurtis": [
    0.40365744870651205
  ],
  "dice": [
    0.44716031631919484
  ],
  "cosinus": [
    0.3048858745684814
  ]
}