{
  "voc_eval_res": {
    "precision": 39.9606,
    "recall": 58.4436,
    "f-score": 47.4663
  },
  "KL_res": {
    "KL divergence": 0.35210690183234045,
    "Euclidean Dist.": 0.05372561599691735,
    "WER": 0.5052083333333334,
    "CER": 0.1854687455337413,
    "Cosine Dist.": 0.12730980298688277
  },
  "occ_eval_res": {
    "precision": 63.74,
    "recall": 78.9161,
    "f-score": 70.5208
  },
  "clean_eval": {
    "f-score": 61.116416996892106,
    "precision": 67.24452236916967,
    "recall": 56.01195427200805,
    "tp": 57913,
    "fp": 28210,
    "fn": 45481
  },
  "jaccard": [
    0.7295081967213115
  ],
  "braycurtis": [
    0.1607794156338914
  ],
  "dice": [
    0.5741935483870968
  ],
  "cosinus": [
    0.024355404066524478
  ]
}