{
  "voc_eval_res": {
    "precision": 69.4118,
    "recall": 38.0645,
    "f-score": 49.1667
  },
  "KL_res": {
    "KL divergence": 1.2314776685645,
    "Euclidean Dist.": 0.10332736750580204,
    "WER": 0.5365079365079365,
    "CER": 0.35598165902459356,
    "Cosine Dist.": 0.03577107239891475
  },
  "occ_eval_res": {
    "precision": 80.0866,
    "recall": 58.7302,
    "f-score": 67.7656
  },
  "clean_eval": {
    "f-score": 44.16135881104034,
    "precision": 37.68115942028986,
    "recall": 53.333333333333336,
    "tp": 104,
    "fp": 172,
    "fn": 91
  },
  "jaccard": [
    0.41390460792239286
  ],
  "braycurtis": [
    0.1984
  ],
  "dice": [
    0.2609582059123344
  ],
  "cosinus": [
    0.046811700692947156
  ]
}