{
  "voc_eval_res": {
    "precision": 47.973,
    "recall": 44.9367,
    "f-score": 46.4052
  },
  "KL_res": {
    "KL divergence": 1.2832209543912247,
    "Euclidean Dist.": 0.07874998770455024,
    "WER": 0.7022058823529411,
    "CER": 0.568986568986569,
    "Cosine Dist.": 0.06938133730217888
  },
  "occ_eval_res": {
    "precision": 57.8014,
    "recall": 59.9265,
    "f-score": 58.8448
  },
  "clean_eval": {
    "f-score": 25.04672897196262,
    "precision": 25.572519083969464,
    "recall": 24.54212454212454,
    "tp": 67,
    "fp": 195,
    "fn": 206
  },
  "jaccard": [
    0.4087136929460581
  ],
  "braycurtis": [
    0.19886696620433678
  ],
  "dice": [
    0.25684485006518903
  ],
  "cosinus": [
    0.03236817315095686
  ]
}