{
  "voc_eval_res": {
    "precision": 71.8182,
    "recall": 28.9377,
    "f-score": 41.2533
  },
  "KL_res": {
    "KL divergence": 1.950956621120141,
    "Euclidean Dist.": 0.1693188365255094,
    "WER": 0.6478260869565218,
    "CER": 0.47241694605303264,
    "Cosine Dist.": 0.19148556050390475
  },
  "occ_eval_res": {
    "precision": 68.7285,
    "recall": 43.4783,
    "f-score": 53.2623
  },
  "clean_eval": {
    "f-score": 29.2749658002736,
    "precision": 23.937360178970916,
    "recall": 37.67605633802817,
    "tp": 107,
    "fp": 340,
    "fn": 177
  },
  "jaccard": [
    0.5583921781640413
  ],
  "braycurtis": [
    0.290169133192389
  ],
  "dice": [
    0.3873398643556895
  ],
  "cosinus": [
    0.09067937748378985
  ]
}