{
  "voc_eval_res": {
    "precision": 65.8537,
    "recall": 30.7985,
    "f-score": 41.9689
  },
  "KL_res": {
    "KL divergence": 1.658610406160584,
    "Euclidean Dist.": 0.1347207393953173,
    "WER": 0.613588110403397,
    "CER": 0.4874168354064218,
    "Cosine Dist.": 0.09053020589544969
  },
  "occ_eval_res": {
    "precision": 73.1392,
    "recall": 47.983,
    "f-score": 57.9487
  },
  "clean_eval": {
    "f-score": 33.63754889178618,
    "precision": 27.861771058315334,
    "recall": 42.43421052631579,
    "tp": 129,
    "fp": 334,
    "fn": 175
  },
  "jaccard": [
    0.5295404814004376
  ],
  "braycurtis": [
    0.25070469242248383
  ],
  "dice": [
    0.3601190476190476
  ],
  "cosinus": [
    0.052605163263582666
  ]
}