{
  "voc_eval_res": {
    "precision": 72.7273,
    "recall": 35.6436,
    "f-score": 47.8405
  },
  "KL_res": {
    "KL divergence": 1.4801775360400224,
    "Euclidean Dist.": 0.1608854712036617,
    "WER": 0.5885416666666666,
    "CER": 0.4377895433487756,
    "Cosine Dist.": 0.22168382102873851
  },
  "occ_eval_res": {
    "precision": 72.9323,
    "recall": 50.5208,
    "f-score": 59.6923
  },
  "clean_eval": {
    "f-score": 37.93103448275862,
    "precision": 32.266666666666666,
    "recall": 46.00760456273764,
    "tp": 121,
    "fp": 254,
    "fn": 142
  },
  "jaccard": [
    0.48444738583719393
  ],
  "braycurtis": [
    0.21664513747923972
  ],
  "dice": [
    0.31965065502183404
  ],
  "cosinus": [
    0.054833769100271046
  ]
}