{
  "voc_eval_res": {
    "precision": 53.2086,
    "recall": 29.1362,
    "f-score": 37.6537
  },
  "KL_res": {
    "KL divergence": 2.103349563675305,
    "Euclidean Dist.": 0.10086974430774394,
    "WER": 0.7333333333333333,
    "CER": 0.5811732605729877,
    "Cosine Dist.": 0.14701263621440064
  },
  "occ_eval_res": {
    "precision": 57.2741,
    "recall": 34.1553,
    "f-score": 42.7918
  },
  "clean_eval": {
    "f-score": 32.098765432098766,
    "precision": 25.876777251184834,
    "recall": 42.26006191950464,
    "tp": 273,
    "fp": 782,
    "fn": 373
  },
  "jaccard": [
    0.5600241911097672
  ],
  "braycurtis": [
    0.34117355781133946
  ],
  "dice": [
    0.3889122217555649
  ],
  "cosinus": [
    0.06729457358709867
  ]
}