{
  "voc_eval_res": {
    "precision": 52.2843,
    "recall": 35.3952,
    "f-score": 42.2131
  },
  "KL_res": {
    "KL divergence": 1.8676721051848804,
    "Euclidean Dist.": 0.09879288668596377,
    "WER": 0.7158351409978309,
    "CER": 0.5532403609515997,
    "Cosine Dist.": 0.18080031414449815
  },
  "occ_eval_res": {
    "precision": 55.3323,
    "recall": 38.8286,
    "f-score": 45.6342
  },
  "clean_eval": {
    "f-score": 32.48862897985705,
    "precision": 27.746947835738066,
    "recall": 39.18495297805642,
    "tp": 250,
    "fp": 651,
    "fn": 388
  },
  "jaccard": [
    0.5400534045393859
  ],
  "braycurtis": [
    0.29616054247228074
  ],
  "dice": [
    0.36991312299954276
  ],
  "cosinus": [
    0.06601960849769029
  ]
}