{
  "voc_eval_res": {
    "precision": 47.2603,
    "recall": 27.7666,
    "f-score": 34.981
  },
  "KL_res": {
    "KL divergence": 2.1319816267538885,
    "Euclidean Dist.": 0.0874503468429818,
    "WER": 0.7521865889212828,
    "CER": 0.5733468972533062,
    "Cosine Dist.": 0.29012085048057745
  },
  "occ_eval_res": {
    "precision": 50.8584,
    "recall": 34.5481,
    "f-score": 41.1458
  },
  "clean_eval": {
    "f-score": 27.788279773156905,
    "precision": 23.941368078175895,
    "recall": 33.108108108108105,
    "tp": 147,
    "fp": 467,
    "fn": 297
  },
  "jaccard": [
    0.6035837786859478
  ],
  "braycurtis": [
    0.32743665829719243
  ],
  "dice": [
    0.4322377307519136
  ],
  "cosinus": [
    0.07524657453672978
  ]
}