{
  "voc_eval_res": {
    "precision": 52.3585,
    "recall": 29.6791,
    "f-score": 37.884
  },
  "KL_res": {
    "KL divergence": 2.208430564846064,
    "Euclidean Dist.": 0.11784140858948079,
    "WER": 0.7666214382632293,
    "CER": 0.5186363636363637,
    "Cosine Dist.": 0.23409863675867593
  },
  "occ_eval_res": {
    "precision": 55.0864,
    "recall": 38.9417,
    "f-score": 45.628
  },
  "clean_eval": {
    "f-score": 20.61281337047354,
    "precision": 17.845659163987136,
    "recall": 24.395604395604394,
    "tp": 111,
    "fp": 511,
    "fn": 344
  },
  "jaccard": [
    0.5988791032826261
  ],
  "braycurtis": [
    0.33337552208581195
  ],
  "dice": [
    0.42742857142857144
  ],
  "cosinus": [
    0.14596772359377552
  ]
}