{
  "voc_eval_res": {
    "precision": 33.8462,
    "recall": 13.4969,
    "f-score": 19.2982
  },
  "KL_res": {
    "KL divergence": 4.1260045344327,
    "Euclidean Dist.": 0.3667613888754813,
    "WER": 0.8464912280701754,
    "CER": 0.5606361829025845,
    "Cosine Dist.": 0.6645332124071356
  },
  "occ_eval_res": {
    "precision": 33.0827,
    "recall": 19.2982,
    "f-score": 24.3767
  },
  "clean_eval": {
    "f-score": 18.674698795180724,
    "precision": 14.761904761904763,
    "recall": 25.40983606557377,
    "tp": 31,
    "fp": 179,
    "fn": 91
  },
  "jaccard": [
    0.6318082788671024
  ],
  "braycurtis": [
    0.39768683274021355
  ],
  "dice": [
    0.46178343949044587
  ],
  "cosinus": [
    0.1744181794900035
  ]
}