{
  "voc_eval_res": {
    "precision": 32.7273,
    "recall": 15.5172,
    "f-score": 21.0526
  },
  "KL_res": {
    "KL divergence": 4.368115832562449,
    "Euclidean Dist.": 0.29635299902443824,
    "WER": 0.881578947368421,
    "CER": 0.6182096403978576,
    "Cosine Dist.": 0.7026003286308338
  },
  "occ_eval_res": {
    "precision": 28.9474,
    "recall": 21.7105,
    "f-score": 24.812
  },
  "clean_eval": {
    "f-score": 19.834710743801658,
    "precision": 17.51824817518248,
    "recall": 22.857142857142858,
    "tp": 24,
    "fp": 113,
    "fn": 81
  },
  "jaccard": [
    0.6440957886044592
  ],
  "braycurtis": [
    0.3740031897926635
  ],
  "dice": [
    0.47503045066991473
  ],
  "cosinus": [
    0.16683565903589814
  ]
}