{
  "voc_eval_res": {
    "precision": 48.9481,
    "recall": 74.9525,
    "f-score": 59.2213
  },
  "KL_res": {
    "KL divergence": 0.0345812822461912,
    "Euclidean Dist.": 0.009748732579043393,
    "WER": 0.43170976716788423,
    "CER": 0.36423753025673583,
    "Cosine Dist.": 0.0013039130373833085
  },
  "occ_eval_res": {
    "precision": 89.5511,
    "recall": 68.4953,
    "f-score": 77.6206
  },
  "clean_eval": {
    "f-score": 66.81716384484457,
    "precision": 59.073677096423324,
    "recall": 76.89695936658052,
    "tp": 111882,
    "fp": 77512,
    "fn": 33614
  },
  "jaccard": [
    0.5909934726630337
  ],
  "braycurtis": [
    0.19794273065495932
  ],
  "dice": [
    0.41943984019720343
  ],
  "cosinus": [
    0.006563699487714847
  ]
}