{
  "voc_eval_res": {
    "precision": 34.375,
    "recall": 23.6559,
    "f-score": 28.0255
  },
  "KL_res": {
    "KL divergence": 3.5644057890291148,
    "Euclidean Dist.": 0.19400942156259324,
    "WER": 0.8324022346368715,
    "CER": 0.6710893854748603,
    "Cosine Dist.": 0.41243149560560644
  },
  "occ_eval_res": {
    "precision": 48.0392,
    "recall": 27.3743,
    "f-score": 34.8754
  },
  "clean_eval": {
    "f-score": 17.037037037037038,
    "precision": 13.218390804597702,
    "recall": 23.958333333333336,
    "tp": 23,
    "fp": 151,
    "fn": 73
  },
  "jaccard": [
    0.6038882138517618
  ],
  "braycurtis": [
    0.45194456861868576
  ],
  "dice": [
    0.43255004351610093
  ],
  "cosinus": [
    0.1355784672389726
  ]
}