{
  "voc_eval_res": {
    "precision": 21.7391,
    "recall": 18.2292,
    "f-score": 19.83
  },
  "KL_res": {
    "KL divergence": 2.71465953534431,
    "Euclidean Dist.": 0.17691495470364374,
    "WER": 0.9050279329608939,
    "CER": 0.6589595375722543,
    "Cosine Dist.": 0.4036380574696188
  },
  "occ_eval_res": {
    "precision": 31.8519,
    "recall": 24.0223,
    "f-score": 27.3885
  },
  "clean_eval": {
    "f-score": 6.143344709897611,
    "precision": 5.247813411078718,
    "recall": 7.4074074074074066,
    "tp": 18,
    "fp": 325,
    "fn": 225
  },
  "jaccard": [
    0.7342152736019242
  ],
  "braycurtis": [
    0.41999160016799664
  ],
  "dice": [
    0.5800475059382423
  ],
  "cosinus": [
    0.13742174058366263
  ]
}