{
  "voc_eval_res": {
    "precision": 19.4805,
    "recall": 18.1818,
    "f-score": 18.8088
  },
  "KL_res": {
    "KL divergence": 2.319453109547426,
    "Euclidean Dist.": 0.12259900886756239,
    "WER": 0.8533333333333334,
    "CER": 0.6572164948453608,
    "Cosine Dist.": 0.06312286298183656
  },
  "occ_eval_res": {
    "precision": 43.4028,
    "recall": 41.6667,
    "f-score": 42.517
  },
  "clean_eval": {
    "f-score": 7.746478873239436,
    "precision": 7.534246575342466,
    "recall": 7.971014492753622,
    "tp": 22,
    "fp": 270,
    "fn": 254
  },
  "jaccard": [
    0.7283511269276394
  ],
  "braycurtis": [
    0.29909706546275394
  ],
  "dice": [
    0.5727611940298507
  ],
  "cosinus": [
    0.029405648813822793
  ]
}