{
  "voc_eval_res": {
    "precision": 32.4022,
    "recall": 30.6878,
    "f-score": 31.5217
  },
  "KL_res": {
    "KL divergence": 1.9810429289837082,
    "Euclidean Dist.": 0.23549855498126263,
    "WER": 1.1197411003236246,
    "CER": 0.723480947476828,
    "Cosine Dist.": 0.3555772310221922
  },
  "occ_eval_res": {
    "precision": 33.4928,
    "recall": 45.3074,
    "f-score": 38.5144
  },
  "clean_eval": {
    "f-score": 4.507042253521127,
    "precision": 5.3156146179401995,
    "recall": 3.9119804400977993,
    "tp": 16,
    "fp": 285,
    "fn": 393
  },
  "jaccard": [
    0.6697406340057637
  ],
  "braycurtis": [
    0.37997644287396937
  ],
  "dice": [
    0.5034662045060658
  ],
  "cosinus": [
    0.22303682755002208
  ]
}