{
  "voc_eval_res": {
    "precision": 44.6753,
    "recall": 14.2739,
    "f-score": 21.6352
  },
  "KL_res": {
    "KL divergence": 3.4168864686964033,
    "Euclidean Dist.": 0.1807951437506297,
    "WER": 0.9008232065856527,
    "CER": 0.6898316916156053,
    "Cosine Dist.": 0.7186237450482807
  },
  "occ_eval_res": {
    "precision": 46.7066,
    "recall": 12.2305,
    "f-score": 19.3849
  },
  "clean_eval": {
    "f-score": 14.52145214521452,
    "precision": 9.247583018074822,
    "recall": 33.794162826420894,
    "tp": 220,
    "fp": 2159,
    "fn": 431
  },
  "jaccard": [
    0.704109097434057
  ],
  "braycurtis": [
    0.47235975703128985
  ],
  "dice": [
    0.5433397950706176
  ],
  "cosinus": [
    0.20307844290516008
  ]
}