{
  "voc_eval_res": {
    "precision": 50.7937,
    "recall": 13.4116,
    "f-score": 21.2202
  },
  "KL_res": {
    "KL divergence": 3.6229096387086406,
    "Euclidean Dist.": 0.1487483580935245,
    "WER": 0.8792354474370113,
    "CER": 0.6938478651493112,
    "Cosine Dist.": 0.6058395017530336
  },
  "occ_eval_res": {
    "precision": 54.2484,
    "recall": 14.4222,
    "f-score": 22.7865
  },
  "clean_eval": {
    "f-score": 17.66901700539195,
    "precision": 11.800554016620499,
    "recall": 35.148514851485146,
    "tp": 213,
    "fp": 1592,
    "fn": 393
  },
  "jaccard": [
    0.7195354150799695
  ],
  "braycurtis": [
    0.4672624162227187
  ],
  "dice": [
    0.5619330855018587
  ],
  "cosinus": [
    0.19096523395690113
  ]
}