{
  "voc_eval_res": {
    "precision": 31.2883,
    "recall": 60.0,
    "f-score": 41.129
  },
  "KL_res": {
    "KL divergence": 0.9886936324777494,
    "Euclidean Dist.": 0.12134771102758116,
    "WER": 2.335294117647059,
    "CER": 2.12666200139958,
    "Cosine Dist.": 0.09740649866250572
  },
  "occ_eval_res": {
    "precision": 27.439,
    "recall": 79.4118,
    "f-score": 40.7855
  },
  "clean_eval": {
    "f-score": 24.212271973466002,
    "precision": 44.24242424242424,
    "recall": 16.666666666666664,
    "tp": 73,
    "fp": 92,
    "fn": 365
  },
  "jaccard": [
    0.5710627400768246
  ],
  "braycurtis": [
    0.5238095238095238
  ],
  "dice": [
    0.3996415770609319
  ],
  "cosinus": [
    0.06650425444645403
  ]
}