{
  "voc_eval_res": {
    "precision": 34.375,
    "recall": 48.8889,
    "f-score": 40.367
  },
  "KL_res": {
    "KL divergence": 1.3455302162533809,
    "Euclidean Dist.": 0.30647817698477126,
    "WER": 2.551546391752577,
    "CER": 2.286101694915254,
    "Cosine Dist.": 0.053374398819239444
  },
  "occ_eval_res": {
    "precision": 22.5862,
    "recall": 67.5258,
    "f-score": 33.8501
  },
  "clean_eval": {
    "f-score": 18.826739427012278,
    "precision": 36.898395721925134,
    "recall": 12.637362637362637,
    "tp": 69,
    "fp": 118,
    "fn": 477
  },
  "jaccard": [
    0.5669014084507042
  ],
  "braycurtis": [
    0.5524796195652174
  ],
  "dice": [
    0.3955773955773956
  ],
  "cosinus": [
    0.09982227711215053
  ]
}