{
  "voc_eval_res": {
    "precision": 32.9268,
    "recall": 56.25,
    "f-score": 41.5385
  },
  "KL_res": {
    "KL divergence": 1.4134638655554956,
    "Euclidean Dist.": 0.16707537651286966,
    "WER": 2.395209580838323,
    "CER": 2.1340140395660496,
    "Cosine Dist.": 0.3417650857087432
  },
  "occ_eval_res": {
    "precision": 24.4211,
    "recall": 69.4611,
    "f-score": 36.1371
  },
  "clean_eval": {
    "f-score": 25.70951585976628,
    "precision": 46.666666666666664,
    "recall": 17.741935483870968,
    "tp": 77,
    "fp": 88,
    "fn": 357
  },
  "jaccard": [
    0.4878213802435724
  ],
  "braycurtis": [
    0.5148252443266523
  ],
  "dice": [
    0.3225950782997763
  ],
  "cosinus": [
    0.16207750185795256
  ]
}