{
  "voc_eval_res": {
    "precision": 68.5402,
    "recall": 49.9147,
    "f-score": 57.7632
  },
  "KL_res": {
    "KL divergence": 0.7123319100842394,
    "Euclidean Dist.": 0.06382951434314695,
    "WER": 0.4932477307947753,
    "CER": 0.38296937588835767,
    "Cosine Dist.": 0.09379502219778779
  },
  "occ_eval_res": {
    "precision": 75.4191,
    "recall": 67.7219,
    "f-score": 71.3636
  },
  "clean_eval": {
    "f-score": 54.12533268812002,
    "precision": 51.01482326111745,
    "recall": 57.63978356093791,
    "tp": 2237,
    "fp": 2148,
    "fn": 1644
  },
  "jaccard": [
    0.3473778574630211
  ],
  "braycurtis": [
    0.09638826785904397
  ],
  "dice": [
    0.21019799294819635
  ],
  "cosinus": [
    0.01987400298229225
  ]
}