{
  "voc_eval_res": {
    "precision": 70.9973,
    "recall": 52.0107,
    "f-score": 60.0387
  },
  "KL_res": {
    "KL divergence": 0.5120848217059026,
    "Euclidean Dist.": 0.044238744876524565,
    "WER": 0.4564050115060087,
    "CER": 0.3546196444185369,
    "Cosine Dist.": 0.03519259556873411
  },
  "occ_eval_res": {
    "precision": 76.821,
    "recall": 72.539,
    "f-score": 74.6186
  },
  "clean_eval": {
    "f-score": 56.272838002436046,
    "precision": 54.40984035592776,
    "recall": 58.26793721973094,
    "tp": 2079,
    "fp": 1742,
    "fn": 1489
  },
  "jaccard": [
    0.3367248062015504
  ],
  "braycurtis": [
    0.08351011689660721
  ],
  "dice": [
    0.20244683949898049
  ],
  "cosinus": [
    0.007603009467247901
  ]
}