{
  "voc_eval_res": {
    "precision": 73.3161,
    "recall": 53.8706,
    "f-score": 62.1068
  },
  "KL_res": {
    "KL divergence": 0.5644308823088351,
    "Euclidean Dist.": 0.06701323846721828,
    "WER": 0.45427350427350427,
    "CER": 0.33626438044991575,
    "Cosine Dist.": 0.07895859226131519
  },
  "occ_eval_res": {
    "precision": 75.8884,
    "recall": 72.094,
    "f-score": 73.9426
  },
  "clean_eval": {
    "f-score": 54.9769429760432,
    "precision": 53.385757972913936,
    "recall": 56.665893809413404,
    "tp": 2444,
    "fp": 2134,
    "fn": 1869
  },
  "jaccard": [
    0.3249630723781389
  ],
  "braycurtis": [
    0.08162336943826302
  ],
  "dice": [
    0.19400352733686066
  ],
  "cosinus": [
    0.010156811816310118
  ]
}