{
  "voc_eval_res": {
    "precision": 74.3083,
    "recall": 69.6296,
    "f-score": 71.8929
  },
  "KL_res": {
    "KL divergence": 0.32153226936000884,
    "Euclidean Dist.": 0.03581845325320891,
    "WER": 0.5222711698482624,
    "CER": 0.3878687668610217,
    "Cosine Dist.": 0.026026254414676542
  },
  "occ_eval_res": {
    "precision": 78.1533,
    "recall": 80.372,
    "f-score": 79.2471
  },
  "clean_eval": {
    "f-score": 52.65197384354566,
    "precision": 53.336604514229634,
    "recall": 51.98469631755142,
    "tp": 1087,
    "fp": 951,
    "fn": 1004
  },
  "jaccard": [
    0.25241675617615467
  ],
  "braycurtis": [
    0.08921744558008894
  ],
  "dice": [
    0.14443761524277812
  ],
  "cosinus": [
    0.005290006787306956
  ]
}