{
  "voc_eval_res": {
    "precision": 78.1003,
    "recall": 57.3643,
    "f-score": 66.1453
  },
  "KL_res": {
    "KL divergence": 0.9279655343892218,
    "Euclidean Dist.": 0.049842524296178005,
    "WER": 0.41824644549763035,
    "CER": 0.3066608366127387,
    "Cosine Dist.": 0.047266072011444504
  },
  "occ_eval_res": {
    "precision": 81.213,
    "recall": 65.0474,
    "f-score": 72.2368
  },
  "clean_eval": {
    "f-score": 65.67567567567568,
    "precision": 59.19610231425091,
    "recall": 73.74810318664643,
    "tp": 486,
    "fp": 335,
    "fn": 173
  },
  "jaccard": [
    0.3471882640586797
  ],
  "braycurtis": [
    0.13311713381206083
  ],
  "dice": [
    0.21005917159763313
  ],
  "cosinus": [
    0.012968078587951237
  ]
}