{
  "voc_eval_res": {
    "precision": 76.225,
    "recall": 62.7803,
    "f-score": 68.8525
  },
  "KL_res": {
    "KL divergence": 0.8407217302532508,
    "Euclidean Dist.": 0.296405278923754,
    "WER": 0.7704785077047851,
    "CER": 0.41293250141803745,
    "Cosine Dist.": 0.08912048658679539
  },
  "occ_eval_res": {
    "precision": 52.877,
    "recall": 70.8029,
    "f-score": 60.5409
  },
  "clean_eval": {
    "f-score": 47.629083245521606,
    "precision": 55.89447650453421,
    "recall": 41.49326805385557,
    "tp": 678,
    "fp": 535,
    "fn": 956
  },
  "jaccard": [
    0.3095165703861356
  ],
  "braycurtis": [
    0.21445147679324894
  ],
  "dice": [
    0.1830935251798561
  ],
  "cosinus": [
    0.21758130405232645
  ]
}