{
  "voc_eval_res": {
    "precision": 77.6623,
    "recall": 59.3254,
    "f-score": 67.2666
  },
  "KL_res": {
    "KL divergence": 0.8496940240662686,
    "Euclidean Dist.": 0.045393094345293664,
    "WER": 0.41333333333333333,
    "CER": 0.2977156597535317,
    "Cosine Dist.": 0.04382750601679375
  },
  "occ_eval_res": {
    "precision": 82.7844,
    "recall": 67.0303,
    "f-score": 74.079
  },
  "clean_eval": {
    "f-score": 66.07019958706127,
    "precision": 59.85037406483791,
    "recall": 73.73271889400922,
    "tp": 480,
    "fp": 322,
    "fn": 171
  },
  "jaccard": [
    0.3384615384615385
  ],
  "braycurtis": [
    0.12299465240641712
  ],
  "dice": [
    0.2037037037037037
  ],
  "cosinus": [
    0.012534536971997579
  ]
}