{
  "voc_eval_res": {
    "precision": 71.0378,
    "recall": 83.2297,
    "f-score": 76.652
  },
  "KL_res": {
    "KL divergence": 0.07405767435195268,
    "Euclidean Dist.": 0.015494319233611296,
    "WER": 0.2253966224300602,
    "CER": 0.12019132945036498,
    "Cosine Dist.": 0.009430127262547994
  },
  "occ_eval_res": {
    "precision": 86.4102,
    "recall": 89.2846,
    "f-score": 87.8239
  },
  "clean_eval": {
    "f-score": 80.05814793412307,
    "precision": 82.52452485992443,
    "recall": 77.73491609826235,
    "tp": 88666,
    "fp": 18776,
    "fn": 25396
  },
  "jaccard": [
    0.45344872803566744
  ],
  "braycurtis": [
    0.06472285761895384
  ],
  "dice": [
    0.29319993216889945
  ],
  "cosinus": [
    0.00580958329286585
  ]
}