{
  "voc_eval_res": {
    "precision": 28.2051,
    "recall": 45.8333,
    "f-score": 34.9206
  },
  "KL_res": {
    "KL divergence": 1.935672085893518,
    "Euclidean Dist.": 0.1629360440816674,
    "WER": 2.76056338028169,
    "CER": 2.2436079545454546,
    "Cosine Dist.": 0.3556460436934892
  },
  "occ_eval_res": {
    "precision": 18.7225,
    "recall": 59.8592,
    "f-score": 28.5235
  },
  "clean_eval": {
    "f-score": 17.523809523809526,
    "precision": 36.22047244094488,
    "recall": 11.557788944723619,
    "tp": 46,
    "fp": 81,
    "fn": 352
  },
  "jaccard": [
    0.5085889570552147
  ],
  "braycurtis": [
    0.5512117459755882
  ],
  "dice": [
    0.34101192924722334
  ],
  "cosinus": [
    0.15776319237684344
  ]
}