{
  "voc_eval_res": {
    "precision": 29.878,
    "recall": 41.5254,
    "f-score": 34.7518
  },
  "KL_res": {
    "KL divergence": 2.1337387688778384,
    "Euclidean Dist.": 0.18066829038130025,
    "WER": 2.4285714285714284,
    "CER": 2.2217074784910653,
    "Cosine Dist.": 0.43412875027107534
  },
  "occ_eval_res": {
    "precision": 20.2105,
    "recall": 54.8571,
    "f-score": 29.5385
  },
  "clean_eval": {
    "f-score": 17.27574750830565,
    "precision": 30.952380952380953,
    "recall": 11.981566820276496,
    "tp": 52,
    "fp": 116,
    "fn": 382
  },
  "jaccard": [
    0.5520446096654275
  ],
  "braycurtis": [
    0.5621865596790371
  ],
  "dice": [
    0.38125802310654683
  ],
  "cosinus": [
    0.24444228164120818
  ]
}