{
  "voc_eval_res": {
    "precision": 29.6875,
    "recall": 14.5038,
    "f-score": 19.4872
  },
  "KL_res": {
    "KL divergence": 3.211350704534796,
    "Euclidean Dist.": 0.47607943405145525,
    "WER": 1.3075,
    "CER": 1.0377108832285808,
    "Cosine Dist.": 0.13373241867998154
  },
  "occ_eval_res": {
    "precision": 20.3448,
    "recall": 29.5,
    "f-score": 24.0816
  },
  "clean_eval": {
    "f-score": 8.110992529348987,
    "precision": 9.718670076726342,
    "recall": 6.95970695970696,
    "tp": 38,
    "fp": 353,
    "fn": 508
  },
  "jaccard": [
    0.65707656612529
  ],
  "braycurtis": [
    0.5181854784592672
  ],
  "dice": [
    0.4892881824464409
  ],
  "cosinus": [
    0.3046480480858861
  ]
}