{
  "voc_eval_res": {
    "precision": 27.0936,
    "recall": 34.5912,
    "f-score": 30.3867
  },
  "KL_res": {
    "KL divergence": 2.469908005843717,
    "Euclidean Dist.": 0.17725800078778833,
    "WER": 2.223744292237443,
    "CER": 1.8470284237726098,
    "Cosine Dist.": 0.4757969306089572
  },
  "occ_eval_res": {
    "precision": 18.8324,
    "recall": 45.6621,
    "f-score": 26.6667
  },
  "clean_eval": {
    "f-score": 20.277777777777782,
    "precision": 33.7962962962963,
    "recall": 14.484126984126986,
    "tp": 73,
    "fp": 143,
    "fn": 431
  },
  "jaccard": [
    0.5127913587265491
  ],
  "braycurtis": [
    0.5105851220229344
  ],
  "dice": [
    0.34480122324159024
  ],
  "cosinus": [
    0.26162511379082243
  ]
}