{
  "voc_eval_res": {
    "precision": 66.3607,
    "recall": 83.6731,
    "f-score": 74.018
  },
  "KL_res": {
    "KL divergence": 0.05184249877844857,
    "Euclidean Dist.": 0.016317086905067116,
    "WER": 0.27943016526771286,
    "CER": 0.18278859072372097,
    "Cosine Dist.": 0.008067926038911377
  },
  "occ_eval_res": {
    "precision": 87.5591,
    "recall": 79.3754,
    "f-score": 83.2667
  },
  "clean_eval": {
    "f-score": 71.16735834326334,
    "precision": 68.59677610994494,
    "recall": 73.93810032017076,
    "tp": 51960,
    "fp": 23787,
    "fn": 18315
  },
  "jaccard": [
    0.5956743353078936
  ],
  "braycurtis": [
    0.13684475018694803
  ],
  "dice": [
    0.42417108102805573
  ],
  "cosinus": [
    0.005628219409260393
  ]
}