{
  "voc_eval_res": {
    "precision": 41.2698,
    "recall": 88.1356,
    "f-score": 56.2162
  },
  "KL_res": {
    "KL divergence": 0.4221609668627606,
    "Euclidean Dist.": 0.12422546282203585,
    "WER": 2.062992125984252,
    "CER": 2.012155591572123,
    "Cosine Dist.": 0.049373379208017654
  },
  "occ_eval_res": {
    "precision": 31.565,
    "recall": 93.7008,
    "f-score": 47.2222
  },
  "clean_eval": {
    "f-score": 25.157232704402517,
    "precision": 50.0,
    "recall": 16.80672268907563,
    "tp": 60,
    "fp": 60,
    "fn": 297
  },
  "jaccard": [
    0.5021385799828914
  ],
  "braycurtis": [
    0.5124948791478902
  ],
  "dice": [
    0.33523700742432894
  ],
  "cosinus": [
    0.030420785438116327
  ]
}