{
  "voc_eval_res": {
    "precision": 33.6066,
    "recall": 53.2468,
    "f-score": 41.206
  },
  "KL_res": {
    "KL divergence": 1.1083933784625906,
    "Euclidean Dist.": 0.10076379816829989,
    "WER": 1.7737226277372262,
    "CER": 1.666115702479339,
    "Cosine Dist.": 0.04069605180577163
  },
  "occ_eval_res": {
    "precision": 29.9703,
    "recall": 73.7226,
    "f-score": 42.616
  },
  "clean_eval": {
    "f-score": 22.56637168141593,
    "precision": 38.059701492537314,
    "recall": 16.037735849056602,
    "tp": 51,
    "fp": 83,
    "fn": 267
  },
  "jaccard": [
    0.5427872860635696
  ],
  "braycurtis": [
    0.48881640260950604
  ],
  "dice": [
    0.3724832214765101
  ],
  "cosinus": [
    0.028673590160057216
  ]
}