{
  "voc_eval_res": {
    "precision": 34.8148,
    "recall": 55.2941,
    "f-score": 42.7273
  },
  "KL_res": {
    "KL divergence": 1.1565023104316863,
    "Euclidean Dist.": 0.11289451035017016,
    "WER": 1.6153846153846154,
    "CER": 1.5200945626477542,
    "Cosine Dist.": 0.06453100355401609
  },
  "occ_eval_res": {
    "precision": 32.4713,
    "recall": 72.4359,
    "f-score": 44.8413
  },
  "clean_eval": {
    "f-score": 22.881355932203395,
    "precision": 37.24137931034483,
    "recall": 16.51376146788991,
    "tp": 54,
    "fp": 91,
    "fn": 273
  },
  "jaccard": [
    0.5749077490774908
  ],
  "braycurtis": [
    0.4839990656388694
  ],
  "dice": [
    0.4034179181771103
  ],
  "cosinus": [
    0.04318458914855339
  ]
}