{
  "voc_eval_res": {
    "precision": 32.4843,
    "recall": 56.5795,
    "f-score": 41.2726
  },
  "KL_res": {
    "KL divergence": 0.40937578374571293,
    "Euclidean Dist.": 0.04541924371946645,
    "WER": 0.4414441174087976,
    "CER": 0.15048635982919598,
    "Cosine Dist.": 0.07788101547064563
  },
  "occ_eval_res": {
    "precision": 65.6318,
    "recall": 67.9853,
    "f-score": 66.7878
  },
  "clean_eval": {
    "f-score": 57.16509140302225,
    "precision": 56.65367249067504,
    "recall": 57.685827693537796,
    "tp": 20201,
    "fp": 15456,
    "fn": 14818
  },
  "jaccard": [
    0.6537135694139768
  ],
  "braycurtis": [
    0.1701204425390268
  ],
  "dice": [
    0.4855679702048417
  ],
  "cosinus": [
    0.025991697380235768
  ]
}