{
  "voc_eval_res": {
    "precision": 71.7608,
    "recall": 42.0233,
    "f-score": 53.0061
  },
  "KL_res": {
    "KL divergence": 0.6802270332446628,
    "Euclidean Dist.": 0.051843930458458955,
    "WER": 0.5854472630173565,
    "CER": 0.48722627737226276,
    "Cosine Dist.": 0.0321571859248595
  },
  "occ_eval_res": {
    "precision": 85.7616,
    "recall": 51.8692,
    "f-score": 64.6423
  },
  "clean_eval": {
    "f-score": 32.89970625262274,
    "precision": 26.344086021505376,
    "recall": 43.798882681564244,
    "tp": 392,
    "fp": 1096,
    "fn": 503
  },
  "jaccard": [
    0.34626262626262627
  ],
  "braycurtis": [
    0.268020354725557
  ],
  "dice": [
    0.20938187148790618
  ],
  "cosinus": [
    0.017348323684899913
  ]
}