{
  "voc_eval_res": {
    "precision": 88.2883,
    "recall": 57.3099,
    "f-score": 69.5035
  },
  "KL_res": {
    "KL divergence": 0.42713134352860127,
    "Euclidean Dist.": 0.04182404794457777,
    "WER": 0.472596585804133,
    "CER": 0.43340423376886456,
    "Cosine Dist.": 0.01726444855396414
  },
  "occ_eval_res": {
    "precision": 93.9437,
    "recall": 59.9281,
    "f-score": 73.1761
  },
  "clean_eval": {
    "f-score": 48.244099021301096,
    "precision": 39.640491958372756,
    "recall": 61.617647058823536,
    "tp": 419,
    "fp": 638,
    "fn": 261
  },
  "jaccard": [
    0.3000898472596586
  ],
  "braycurtis": [
    0.23641622054027445
  ],
  "dice": [
    0.17653276955602537
  ],
  "cosinus": [
    0.013686984349444042
  ]
}