{
  "voc_eval_res": {
    "precision": 85.9223,
    "recall": 46.7018,
    "f-score": 60.5128
  },
  "KL_res": {
    "KL divergence": 1.382115899667749,
    "Euclidean Dist.": 0.1598566432712747,
    "WER": 0.5997466751108297,
    "CER": 0.5789587383884208,
    "Cosine Dist.": 0.11307161170127111
  },
  "occ_eval_res": {
    "precision": 93.8462,
    "recall": 46.3585,
    "f-score": 62.0602
  },
  "clean_eval": {
    "f-score": 32.266435986159166,
    "precision": 24.033505154639176,
    "recall": 49.078947368421055,
    "tp": 373,
    "fp": 1179,
    "fn": 387
  },
  "jaccard": [
    0.3603202846975089
  ],
  "braycurtis": [
    0.36347750109217997
  ],
  "dice": [
    0.21975040694519804
  ],
  "cosinus": [
    0.15788265336213825
  ]
}