{
  "voc_eval_res": {
    "precision": 82.5203,
    "recall": 49.6333,
    "f-score": 61.9847
  },
  "KL_res": {
    "KL divergence": 0.4762784851474755,
    "Euclidean Dist.": 0.054025469413139376,
    "WER": 0.5424636572302984,
    "CER": 0.4873543375053949,
    "Cosine Dist.": 0.030119673061722585
  },
  "occ_eval_res": {
    "precision": 91.425,
    "recall": 55.4705,
    "f-score": 69.0476
  },
  "clean_eval": {
    "f-score": 36.399217221135025,
    "precision": 29.176470588235293,
    "recall": 48.37451235370611,
    "tp": 372,
    "fp": 903,
    "fn": 397
  },
  "jaccard": [
    0.29550612800726284
  ],
  "braycurtis": [
    0.25972356155576987
  ],
  "dice": [
    0.1733688415446072
  ],
  "cosinus": [
    0.018129028421125515
  ]
}