{
  "voc_eval_res": {
    "precision": 78.2195,
    "recall": 91.3343,
    "f-score": 84.2697
  },
  "KL_res": {
    "KL divergence": 0.03662190019081405,
    "Euclidean Dist.": 0.011045457914609532,
    "WER": 0.13098485936278498,
    "CER": 0.0650426238982806,
    "Cosine Dist.": 0.0031368356332772684
  },
  "occ_eval_res": {
    "precision": 89.0311,
    "recall": 96.3066,
    "f-score": 92.5261
  },
  "clean_eval": {
    "f-score": 82.48581430911221,
    "precision": 85.87267467231264,
    "recall": 79.35597574454103,
    "tp": 53132,
    "fp": 8741,
    "fn": 13822
  },
  "jaccard": [
    0.4212717384005909
  ],
  "braycurtis": [
    0.0826779198119592
  ],
  "dice": [
    0.266842463422933
  ],
  "cosinus": [
    0.008262713070221861
  ]
}