{
  "voc_eval_res": {
    "precision": 27.2727,
    "recall": 14.2857,
    "f-score": 18.75
  },
  "KL_res": {
    "KL divergence": 6.66270939123775,
    "Euclidean Dist.": 0.3976458554183118,
    "WER": 1.0,
    "CER": 0.8529411764705882,
    "Cosine Dist.": 0.7931649240019923
  },
  "occ_eval_res": {
    "precision": 23.0769,
    "recall": 9.375,
    "f-score": 13.3333
  },
  "clean_eval": {
    "f-score": 10.0,
    "precision": 7.142857142857142,
    "recall": 16.666666666666664,
    "tp": 2,
    "fp": 26,
    "fn": 10
  },
  "jaccard": [
    0.8489425981873112
  ],
  "braycurtis": [
    0.8227848101265823
  ],
  "dice": [
    0.7375328083989501
  ],
  "cosinus": [
    0.6805122820078502
  ]
}