{
  "voc_eval_res": {
    "precision": 32.1429,
    "recall": 30.0,
    "f-score": 31.0345
  },
  "KL_res": {
    "KL divergence": 3.6273471313910663,
    "Euclidean Dist.": 0.2540674409487854,
    "WER": 0.8611111111111112,
    "CER": 0.6483516483516484,
    "Cosine Dist.": 0.48765246170202026
  },
  "occ_eval_res": {
    "precision": 31.4286,
    "recall": 30.5556,
    "f-score": 30.9859
  },
  "clean_eval": {
    "f-score": 26.865671641791046,
    "precision": 25.71428571428571,
    "recall": 28.125,
    "tp": 9,
    "fp": 26,
    "fn": 23
  },
  "jaccard": [
    0.6606334841628959
  ],
  "braycurtis": [
    0.5206073752711496
  ],
  "dice": [
    0.49324324324324326
  ],
  "cosinus": [
    0.33439817001964756
  ]
}