{
  "voc_eval_res": {
    "precision": 35.8974,
    "recall": 34.1463,
    "f-score": 35.0
  },
  "KL_res": {
    "KL divergence": 3.5875930873135897,
    "Euclidean Dist.": 0.21275908519681708,
    "WER": 0.9302325581395349,
    "CER": 0.6298507462686567,
    "Cosine Dist.": 0.4688621087022239
  },
  "occ_eval_res": {
    "precision": 32.6531,
    "recall": 37.2093,
    "f-score": 34.7826
  },
  "clean_eval": {
    "f-score": 29.268292682926827,
    "precision": 30.76923076923077,
    "recall": 27.906976744186046,
    "tp": 12,
    "fp": 27,
    "fn": 31
  },
  "jaccard": [
    0.6424778761061947
  ],
  "braycurtis": [
    0.4724025974025974
  ],
  "dice": [
    0.47327249022164275
  ],
  "cosinus": [
    0.28502422298933583
  ]
}