{
  "voc_eval_res": {
    "precision": 87.1111,
    "recall": 80.4378,
    "f-score": 83.6415
  },
  "KL_res": {
    "KL divergence": 0.1652990133442261,
    "Euclidean Dist.": 0.018744918135474613,
    "WER": 0.16489607390300232,
    "CER": 0.11877166914314016,
    "Cosine Dist.": 0.006848072623426571
  },
  "occ_eval_res": {
    "precision": 90.0511,
    "recall": 89.4688,
    "f-score": 89.759
  },
  "clean_eval": {
    "f-score": 87.03942282916775,
    "precision": 86.65982555156491,
    "recall": 87.4223602484472,
    "tp": 1689,
    "fp": 260,
    "fn": 243
  },
  "jaccard": [
    0.1336432306798373
  ],
  "braycurtis": [
    0.038255851553366665
  ],
  "dice": [
    0.07160647571606475
  ],
  "cosinus": [
    0.0014629149585073664
  ]
}