{
  "voc_eval_res": {
    "precision": 80.2038,
    "recall": 74.1588,
    "f-score": 77.0629
  },
  "KL_res": {
    "KL divergence": 0.21906273881890231,
    "Euclidean Dist.": 0.02141483341695855,
    "WER": 0.27256069628950985,
    "CER": 0.20914297402331766,
    "Cosine Dist.": 0.010420529572631843
  },
  "occ_eval_res": {
    "precision": 86.6943,
    "recall": 86.2574,
    "f-score": 86.4753
  },
  "clean_eval": {
    "f-score": 75.26467757459095,
    "precision": 74.83253588516746,
    "recall": 75.70183930300097,
    "tp": 1564,
    "fp": 526,
    "fn": 502
  },
  "jaccard": [
    0.1731297709923664
  ],
  "braycurtis": [
    0.0520953331797353
  ],
  "dice": [
    0.09476851078054488
  ],
  "cosinus": [
    0.0026236045068140923
  ]
}