{
  "voc_eval_res": {
    "precision": 74.8276,
    "recall": 65.6581,
    "f-score": 69.9436
  },
  "KL_res": {
    "KL divergence": 0.2818304929016363,
    "Euclidean Dist.": 0.03237325492486942,
    "WER": 0.3412816691505216,
    "CER": 0.2837451384122626,
    "Cosine Dist.": 0.01734487767206383
  },
  "occ_eval_res": {
    "precision": 85.5491,
    "recall": 80.8743,
    "f-score": 83.1461
  },
  "clean_eval": {
    "f-score": 66.50768415474296,
    "precision": 64.62409886714727,
    "recall": 68.50436681222706,
    "tp": 1255,
    "fp": 687,
    "fn": 577
  },
  "jaccard": [
    0.2682276229994072
  ],
  "braycurtis": [
    0.07659131038874577
  ],
  "dice": [
    0.1548861886017457
  ],
  "cosinus": [
    0.007828597584134789
  ]
}