{
  "voc_eval_res": {
    "precision": 12.5942,
    "recall": 34.4347,
    "f-score": 18.4431
  },
  "KL_res": {
    "KL divergence": 0.5034419597495827,
    "Euclidean Dist.": 0.04745154686502567,
    "WER": 0.6565250560787037,
    "CER": 0.2059299726214777,
    "Cosine Dist.": 0.09378318549839915
  },
  "occ_eval_res": {
    "precision": 46.6764,
    "recall": 45.9583,
    "f-score": 46.3146
  },
  "clean_eval": {
    "f-score": 32.63961296242231,
    "precision": 31.579372124929385,
    "recall": 33.7735197652339,
    "tp": 27391,
    "fp": 59346,
    "fn": 53711
  },
  "jaccard": [
    0.6906167787196726
  ],
  "braycurtis": [
    0.22020779688922326
  ],
  "dice": [
    0.5274367102736973
  ],
  "cosinus": [
    0.03937673983907364
  ]
}