{
  "voc_eval_res": {
    "precision": 36.0577,
    "recall": 18.8917,
    "f-score": 24.7934
  },
  "KL_res": {
    "KL divergence": 2.27665366045995,
    "Euclidean Dist.": 0.10543238673026191,
    "WER": 0.7719821162444114,
    "CER": 0.6078309509011809,
    "Cosine Dist.": 0.09240246134321561
  },
  "occ_eval_res": {
    "precision": 53.8084,
    "recall": 32.6379,
    "f-score": 40.6308
  },
  "clean_eval": {
    "f-score": 15.07246376811594,
    "precision": 12.074303405572756,
    "recall": 20.051413881748072,
    "tp": 78,
    "fp": 568,
    "fn": 311
  },
  "jaccard": [
    0.6772523299965482
  ],
  "braycurtis": [
    0.35063480209111275
  ],
  "dice": [
    0.5120041753653445
  ],
  "cosinus": [
    0.02765481717601448
  ]
}