{
  "voc_eval_res": {
    "precision": 30.8036,
    "recall": 18.6992,
    "f-score": 23.2715
  },
  "KL_res": {
    "KL divergence": 2.4791245485979156,
    "Euclidean Dist.": 0.094979732057526,
    "WER": 0.8003502626970228,
    "CER": 0.6269821907782386,
    "Cosine Dist.": 0.15230496253783776
  },
  "occ_eval_res": {
    "precision": 47.4801,
    "recall": 31.3485,
    "f-score": 37.7637
  },
  "clean_eval": {
    "f-score": 13.303769401330376,
    "precision": 10.92896174863388,
    "recall": 16.997167138810198,
    "tp": 60,
    "fp": 489,
    "fn": 293
  },
  "jaccard": [
    0.6903399528778189
  ],
  "braycurtis": [
    0.3757159221076747
  ],
  "dice": [
    0.5271138524800822
  ],
  "cosinus": [
    0.0924869098459089
  ]
}