{
  "voc_eval_res": {
    "precision": 30.8642,
    "recall": 1.8123,
    "f-score": 3.4235
  },
  "KL_res": {
    "KL divergence": 3.6519579215581395,
    "Euclidean Dist.": 0.2617262811726072,
    "WER": 0.962152420185376,
    "CER": 0.8646846724266957,
    "Cosine Dist.": 0.6637233144548984
  },
  "occ_eval_res": {
    "precision": 26.2849,
    "recall": 4.6087,
    "f-score": 7.8423
  },
  "clean_eval": {
    "f-score": 0.9363295880149811,
    "precision": 0.5544774050457444,
    "recall": 3.007518796992481,
    "tp": 20,
    "fp": 3587,
    "fn": 645
  },
  "jaccard": [
    0.8209329221279876
  ],
  "braycurtis": [
    0.7720070169384292
  ],
  "dice": [
    0.6962563348046428
  ],
  "cosinus": [
    0.43410810378643416
  ]
}