{
  "voc_eval_res": {
    "precision": 25.7812,
    "recall": 2.4943,
    "f-score": 4.5486
  },
  "KL_res": {
    "KL divergence": 3.557821352252768,
    "Euclidean Dist.": 0.5224168121588902,
    "WER": 0.9500130174433741,
    "CER": 0.7638442300821722,
    "Cosine Dist.": 0.8738053097293105
  },
  "occ_eval_res": {
    "precision": 11.5433,
    "recall": 7.1856,
    "f-score": 8.8575
  },
  "clean_eval": {
    "f-score": 0.8329168748958855,
    "precision": 0.6902263942573164,
    "recall": 1.0499790004199916,
    "tp": 25,
    "fp": 3597,
    "fn": 2356
  },
  "jaccard": [
    0.7833137944509574
  ],
  "braycurtis": [
    0.700854911429205
  ],
  "dice": [
    0.6438092179219528
  ],
  "cosinus": [
    0.7275620383568704
  ]
}