{
  "voc_eval_res": {
    "precision": 37.3134,
    "recall": 3.7313,
    "f-score": 6.7843
  },
  "KL_res": {
    "KL divergence": 3.6448044079909185,
    "Euclidean Dist.": 0.21620874437160864,
    "WER": 0.9275843007186291,
    "CER": 0.7998032836498449,
    "Cosine Dist.": 0.3909224508822383
  },
  "occ_eval_res": {
    "precision": 36.1345,
    "recall": 9.508,
    "f-score": 15.0547
  },
  "clean_eval": {
    "f-score": 2.2150438394093213,
    "precision": 1.3793103448275863,
    "recall": 5.620608899297424,
    "tp": 24,
    "fp": 1716,
    "fn": 403
  },
  "jaccard": [
    0.7944992215879606
  ],
  "braycurtis": [
    0.6632294212314478
  ],
  "dice": [
    0.659061558329746
  ],
  "cosinus": [
    0.3456305394285917
  ]
}