{
  "voc_eval_res": {
    "precision": 38.3459,
    "recall": 4.359,
    "f-score": 7.8281
  },
  "KL_res": {
    "KL divergence": 3.677431445045463,
    "Euclidean Dist.": 0.22595212414296773,
    "WER": 0.9216467463479415,
    "CER": 0.7863227823368504,
    "Cosine Dist.": 0.26876394450914864
  },
  "occ_eval_res": {
    "precision": 32.4952,
    "recall": 11.1554,
    "f-score": 16.609
  },
  "clean_eval": {
    "f-score": 2.193211488250653,
    "precision": 1.496792587312901,
    "recall": 4.1015625,
    "tp": 21,
    "fp": 1382,
    "fn": 491
  },
  "jaccard": [
    0.7995467136741375
  ],
  "braycurtis": [
    0.6198229247132925
  ],
  "dice": [
    0.6660373400461507
  ],
  "cosinus": [
    0.2766631377740968
  ]
}