{
  "voc_eval_res": {
    "precision": 31.8739,
    "recall": 3.706,
    "f-score": 6.6399
  },
  "KL_res": {
    "KL divergence": 3.090783666681175,
    "Euclidean Dist.": 0.1225592201314011,
    "WER": 0.9505772473732002,
    "CER": 0.7885830135884591,
    "Cosine Dist.": 0.8266579419114662
  },
  "occ_eval_res": {
    "precision": 22.7295,
    "recall": 6.0708,
    "f-score": 9.5823
  },
  "clean_eval": {
    "f-score": 2.104109589041096,
    "precision": 1.3549752999294284,
    "recall": 4.705882352941177,
    "tp": 96,
    "fp": 6989,
    "fn": 1944
  },
  "jaccard": [
    0.7056402439024391
  ],
  "braycurtis": [
    0.6371515997285775
  ],
  "dice": [
    0.545165469320457
  ],
  "cosinus": [
    0.26897294626098445
  ]
}