{
  "voc_eval_res": {
    "precision": 28.853,
    "recall": 4.2125,
    "f-score": 7.3516
  },
  "KL_res": {
    "KL divergence": 3.001033341805944,
    "Euclidean Dist.": 0.12372036328883322,
    "WER": 0.9400514895182053,
    "CER": 0.7506660654998566,
    "Cosine Dist.": 0.7592011653817666
  },
  "occ_eval_res": {
    "precision": 18.96,
    "recall": 7.5763,
    "f-score": 10.8264
  },
  "clean_eval": {
    "f-score": 4.245082779114194,
    "precision": 3.041979314540661,
    "recall": 7.02247191011236,
    "tp": 150,
    "fp": 4781,
    "fn": 1986
  },
  "jaccard": [
    0.7083333333333334
  ],
  "braycurtis": [
    0.5909117526497628
  ],
  "dice": [
    0.5483870967741935
  ],
  "cosinus": [
    0.3289473375028955
  ]
}