{
  "voc_eval_res": {
    "precision": 19.3622,
    "recall": 7.8269,
    "f-score": 11.1475
  },
  "KL_res": {
    "KL divergence": 3.400549149275511,
    "Euclidean Dist.": 0.08302490646352984,
    "WER": 0.9212538226299695,
    "CER": 0.6866474081206869,
    "Cosine Dist.": 0.4421332951635225
  },
  "occ_eval_res": {
    "precision": 22.8777,
    "recall": 12.156,
    "f-score": 15.8762
  },
  "clean_eval": {
    "f-score": 0.9399477806788512,
    "precision": 0.7114624505928854,
    "recall": 1.3846153846153846,
    "tp": 9,
    "fp": 1256,
    "fn": 641
  },
  "jaccard": [
    0.5894594594594594
  ],
  "braycurtis": [
    0.4197712833545108
  ],
  "dice": [
    0.41789614868748803
  ],
  "cosinus": [
    0.11647240311698182
  ]
}