{
  "voc_eval_res": {
    "precision": 26.3024,
    "recall": 46.9628,
    "f-score": 33.7195
  },
  "KL_res": {
    "KL divergence": 0.6349722065692281,
    "Euclidean Dist.": 0.07026921262793212,
    "WER": 0.8043995243757431,
    "CER": 0.30473478106087576,
    "Cosine Dist.": 0.1613974466512218
  },
  "occ_eval_res": {
    "precision": 47.7125,
    "recall": 64.7939,
    "f-score": 54.9565
  },
  "clean_eval": {
    "f-score": 39.16488492013583,
    "precision": 45.9111460585807,
    "recall": 34.147232984867316,
    "tp": 4671,
    "fp": 5503,
    "fn": 9008
  },
  "jaccard": [
    0.66837154077998
  ],
  "braycurtis": [
    0.24806850762034102
  ],
  "dice": [
    0.501920438957476
  ],
  "cosinus": [
    0.04562549533727611
  ]
}