{
  "voc_eval_res": {
    "precision": 59.2593,
    "recall": 24.0,
    "f-score": 34.1637
  },
  "KL_res": {
    "KL divergence": 3.043182245742943,
    "Euclidean Dist.": 0.15358962952406577,
    "WER": 0.7936046511627907,
    "CER": 0.7236994219653179,
    "Cosine Dist.": 0.22927657130160095
  },
  "occ_eval_res": {
    "precision": 67.9688,
    "recall": 25.2907,
    "f-score": 36.8644
  },
  "clean_eval": {
    "f-score": 35.079726651480634,
    "precision": 24.137931034482758,
    "recall": 64.16666666666667,
    "tp": 77,
    "fp": 242,
    "fn": 43
  },
  "jaccard": [
    0.5625
  ],
  "braycurtis": [
    0.4525624178712221
  ],
  "dice": [
    0.391304347826087
  ],
  "cosinus": [
    0.15923527494897716
  ]
}