{
  "voc_eval_res": {
    "precision": 61.9565,
    "recall": 28.6432,
    "f-score": 39.1753
  },
  "KL_res": {
    "KL divergence": 2.9178939195851865,
    "Euclidean Dist.": 0.15916615790857147,
    "WER": 0.7333333333333333,
    "CER": 0.5742642026009582,
    "Cosine Dist.": 0.2896276612906652
  },
  "occ_eval_res": {
    "precision": 65.7343,
    "recall": 28.4848,
    "f-score": 39.7463
  },
  "clean_eval": {
    "f-score": 36.36363636363637,
    "precision": 26.11683848797251,
    "recall": 59.84251968503938,
    "tp": 76,
    "fp": 215,
    "fn": 51
  },
  "jaccard": [
    0.48055207026348806
  ],
  "braycurtis": [
    0.3760879523591388
  ],
  "dice": [
    0.31626754748142033
  ],
  "cosinus": [
    0.09443265597556316
  ]
}