{
  "voc_eval_res": {
    "precision": 29.9714,
    "recall": 44.2216,
    "f-score": 35.728
  },
  "KL_res": {
    "KL divergence": 0.7504744104952366,
    "Euclidean Dist.": 0.05733783391428955,
    "WER": 0.6096385542168675,
    "CER": 0.2289346350960575,
    "Cosine Dist.": 0.08385176510572268
  },
  "occ_eval_res": {
    "precision": 52.969,
    "recall": 61.1888,
    "f-score": 56.7829
  },
  "clean_eval": {
    "f-score": 40.296908478726664,
    "precision": 41.780387178673436,
    "recall": 38.91516405557198,
    "tp": 2633,
    "fp": 3669,
    "fn": 4133
  },
  "jaccard": [
    0.5901748765184889
  ],
  "braycurtis": [
    0.22016850630265822
  ],
  "dice": [
    0.41861566139570117
  ],
  "cosinus": [
    0.03458664396357791
  ]
}