{
  "voc_eval_res": {
    "precision": 39.1757,
    "recall": 60.8522,
    "f-score": 47.6653
  },
  "KL_res": {
    "KL divergence": 0.2287361693500799,
    "Euclidean Dist.": 0.029192453521878527,
    "WER": 0.3356185808873364,
    "CER": 0.1150891126778984,
    "Cosine Dist.": 0.03614173136556087
  },
  "occ_eval_res": {
    "precision": 74.4589,
    "recall": 72.4975,
    "f-score": 73.4651
  },
  "clean_eval": {
    "f-score": 65.14302725230712,
    "precision": 63.55631246121959,
    "recall": 66.8109968497162,
    "tp": 48142,
    "fp": 27605,
    "fn": 23915
  },
  "jaccard": [
    0.6928034371643395
  ],
  "braycurtis": [
    0.14836071579344007
  ],
  "dice": [
    0.5299917830731307
  ],
  "cosinus": [
    0.018093557523575887
  ]
}