{
  "voc_eval_res": {
    "precision": 27.2727,
    "recall": 7.1429,
    "f-score": 11.3208
  },
  "KL_res": {
    "KL divergence": 7.089570279162491,
    "Euclidean Dist.": 0.4229364212327434,
    "WER": 0.9803921568627451,
    "CER": 0.8964646464646465,
    "Cosine Dist.": 0.798380540363622
  },
  "occ_eval_res": {
    "precision": 23.0769,
    "recall": 5.8824,
    "f-score": 9.375
  },
  "clean_eval": {
    "f-score": 7.4074074074074066,
    "precision": 4.761904761904762,
    "recall": 16.666666666666664,
    "tp": 2,
    "fp": 40,
    "fn": 10
  },
  "jaccard": [
    0.8721461187214612
  ],
  "braycurtis": [
    0.8601694915254238
  ],
  "dice": [
    0.7732793522267206
  ],
  "cosinus": [
    0.7322569650401102
  ]
}