{
  "voc_eval_res": {
    "precision": 25.0,
    "recall": 12.963,
    "f-score": 17.0732
  },
  "KL_res": {
    "KL divergence": 5.849837056325233,
    "Euclidean Dist.": 0.25422451109367156,
    "WER": 0.8928571428571429,
    "CER": 0.7326968973747017,
    "Cosine Dist.": 0.6781638723250841
  },
  "occ_eval_res": {
    "precision": 20.0,
    "recall": 12.5,
    "f-score": 15.3846
  },
  "clean_eval": {
    "f-score": 14.117647058823533,
    "precision": 11.320754716981133,
    "recall": 18.75,
    "tp": 6,
    "fp": 47,
    "fn": 26
  },
  "jaccard": [
    0.7755725190839695
  ],
  "braycurtis": [
    0.6513157894736842
  ],
  "dice": [
    0.6334164588528678
  ],
  "cosinus": [
    0.41366176166122115
  ]
}