{
  "voc_eval_res": {
    "precision": 22.2222,
    "recall": 23.5294,
    "f-score": 22.8571
  },
  "KL_res": {
    "KL divergence": 4.1543898530766645,
    "Euclidean Dist.": 0.23660641370257465,
    "WER": 1.078125,
    "CER": 0.7153284671532847,
    "Cosine Dist.": 0.5920408031334421
  },
  "occ_eval_res": {
    "precision": 23.6842,
    "recall": 28.125,
    "f-score": 25.7143
  },
  "clean_eval": {
    "f-score": 15.384615384615383,
    "precision": 15.873015873015872,
    "recall": 14.925373134328357,
    "tp": 10,
    "fp": 53,
    "fn": 57
  },
  "jaccard": [
    0.7469553450608931
  ],
  "braycurtis": [
    0.6118251928020566
  ],
  "dice": [
    0.5961123110151187
  ],
  "cosinus": [
    0.5381769410327323
  ]
}