{
  "voc_eval_res": {
    "precision": 48.5062,
    "recall": 33.9901,
    "f-score": 39.971
  },
  "KL_res": {
    "KL divergence": 2.261384323297636,
    "Euclidean Dist.": 0.07263454832175871,
    "WER": 0.7474747474747475,
    "CER": 0.5489860297431275,
    "Cosine Dist.": 0.4993749773281302
  },
  "occ_eval_res": {
    "precision": 49.829,
    "recall": 33.9549,
    "f-score": 40.3882
  },
  "clean_eval": {
    "f-score": 33.04514889529299,
    "precision": 27.78675282714055,
    "recall": 40.758293838862556,
    "tp": 344,
    "fp": 894,
    "fn": 500
  },
  "jaccard": [
    0.4547260857223957
  ],
  "braycurtis": [
    0.27027306044494914
  ],
  "dice": [
    0.2942689199118295
  ],
  "cosinus": [
    0.09740733280995695
  ]
}