{
  "voc_eval_res": {
    "precision": 54.6584,
    "recall": 35.0598,
    "f-score": 42.7184
  },
  "KL_res": {
    "KL divergence": 1.6505121353856549,
    "Euclidean Dist.": 0.07453651628550395,
    "WER": 0.6687657430730478,
    "CER": 0.5307063197026022,
    "Cosine Dist.": 0.23171771756601633
  },
  "occ_eval_res": {
    "precision": 60.1786,
    "recall": 42.4433,
    "f-score": 49.7784
  },
  "clean_eval": {
    "f-score": 36.93972179289027,
    "precision": 31.36482939632546,
    "recall": 44.92481203007519,
    "tp": 239,
    "fp": 523,
    "fn": 293
  },
  "jaccard": [
    0.4972796517954298
  ],
  "braycurtis": [
    0.2341887417218543
  ],
  "dice": [
    0.33091962346125997
  ],
  "cosinus": [
    0.04446880148044852
  ]
}