{
  "voc_eval_res": {
    "precision": 45.283,
    "recall": 34.56,
    "f-score": 39.2015
  },
  "KL_res": {
    "KL divergence": 1.4705535351618328,
    "Euclidean Dist.": 0.05454127798871964,
    "WER": 0.7187196896217265,
    "CER": 0.517951172809957,
    "Cosine Dist.": 0.1278830968479715
  },
  "occ_eval_res": {
    "precision": 52.9602,
    "recall": 47.7207,
    "f-score": 50.2041
  },
  "clean_eval": {
    "f-score": 30.340211935303962,
    "precision": 28.752642706131077,
    "recall": 32.1133412042503,
    "tp": 272,
    "fp": 674,
    "fn": 575
  },
  "jaccard": [
    0.49291693496458466
  ],
  "braycurtis": [
    0.21081907090464547
  ],
  "dice": [
    0.3270668660542619
  ],
  "cosinus": [
    0.04506784714805501
  ]
}