{
  "voc_eval_res": {
    "precision": 49.5591,
    "recall": 40.7246,
    "f-score": 44.7096
  },
  "KL_res": {
    "KL divergence": 0.9357159519535557,
    "Euclidean Dist.": 0.12534518539506054,
    "WER": 0.671875,
    "CER": 0.5067289206262016,
    "Cosine Dist.": 0.03244805538996165
  },
  "occ_eval_res": {
    "precision": 57.2581,
    "recall": 64.0024,
    "f-score": 60.4427
  },
  "clean_eval": {
    "f-score": 32.543352601156066,
    "precision": 34.60356484326982,
    "recall": 30.71467539552646,
    "tp": 563,
    "fp": 1064,
    "fn": 1270
  },
  "jaccard": [
    0.42489137181874614
  ],
  "braycurtis": [
    0.22249242715132897
  ],
  "dice": [
    0.2697536945812808
  ],
  "cosinus": [
    0.06163326874359709
  ]
}