{
  "voc_eval_res": {
    "precision": 31.893,
    "recall": 33.9168,
    "f-score": 32.8738
  },
  "KL_res": {
    "KL divergence": 2.2445313855203883,
    "Euclidean Dist.": 0.056347805192085924,
    "WER": 0.8864864864864865,
    "CER": 0.6473072861668426,
    "Cosine Dist.": 0.3047174666081115
  },
  "occ_eval_res": {
    "precision": 33.9869,
    "recall": 37.4775,
    "f-score": 35.647
  },
  "clean_eval": {
    "f-score": 21.421800947867297,
    "precision": 22.6,
    "recall": 20.36036036036036,
    "tp": 113,
    "fp": 387,
    "fn": 442
  },
  "jaccard": [
    0.41561338289962824
  ],
  "braycurtis": [
    0.20519603852937185
  ],
  "dice": [
    0.2623181604880338
  ],
  "cosinus": [
    0.027873585749983554
  ]
}