{
  "voc_eval_res": {
    "precision": 3.1142,
    "recall": 4.5685,
    "f-score": 3.7037
  },
  "KL_res": {
    "KL divergence": 4.387362554347094,
    "Euclidean Dist.": 0.09717260880378406,
    "WER": 1.7604790419161678,
    "CER": 1.072482360487492,
    "Cosine Dist.": 0.6538753685710756
  },
  "occ_eval_res": {
    "precision": 3.5146,
    "recall": 6.2874,
    "f-score": 4.5089
  },
  "clean_eval": {
    "f-score": 0.7430340557275542,
    "precision": 0.9302325581395349,
    "recall": 0.6185567010309279,
    "tp": 6,
    "fp": 639,
    "fn": 964
  },
  "jaccard": [
    0.8259672732833767
  ],
  "braycurtis": [
    0.6598360655737705
  ],
  "dice": [
    0.703530024749251
  ],
  "cosinus": [
    0.4737316199689998
  ]
}