{
  "voc_eval_res": {
    "precision": 5.0,
    "recall": 0.5,
    "f-score": 0.9091
  },
  "KL_res": {
    "KL divergence": 6.228747550237774,
    "Euclidean Dist.": 0.23957693905797084,
    "WER": 0.9953917050691244,
    "CER": 0.9313253012048193,
    "Cosine Dist.": 0.9736339502697076
  },
  "occ_eval_res": {
    "precision": 5.0,
    "recall": 0.4608,
    "f-score": 0.8439
  },
  "clean_eval": {
    "f-score": 0.9090909090909091,
    "precision": 0.4975124378109453,
    "recall": 5.263157894736842,
    "tp": 1,
    "fp": 200,
    "fn": 18
  },
  "jaccard": [
    0.906318082788671
  ],
  "braycurtis": [
    0.8997214484679665
  ],
  "dice": [
    0.8286852589641435
  ],
  "cosinus": [
    0.6359150281247277
  ]
}