{
  "voc_eval_res": {
    "precision": 4.4444,
    "recall": 3.4934,
    "f-score": 3.912
  },
  "KL_res": {
    "KL divergence": 5.043083126566655,
    "Euclidean Dist.": 0.11847654891040152,
    "WER": 0.9794520547945206,
    "CER": 0.7994041708043694,
    "Cosine Dist.": 0.7551527262124745
  },
  "occ_eval_res": {
    "precision": 7.4561,
    "recall": 5.8219,
    "f-score": 6.5385
  },
  "clean_eval": {
    "f-score": 1.735357917570499,
    "precision": 1.4760147601476015,
    "recall": 2.1052631578947367,
    "tp": 4,
    "fp": 267,
    "fn": 186
  },
  "jaccard": [
    0.8442760942760943
  ],
  "braycurtis": [
    0.7388107416879796
  ],
  "dice": [
    0.7305171158048069
  ],
  "cosinus": [
    0.5625283778838829
  ]
}