{
  "voc_eval_res": {
    "precision": 51.6419,
    "recall": 68.3296,
    "f-score": 58.8252
  },
  "KL_res": {
    "KL divergence": 0.2597212391759839,
    "Euclidean Dist.": 0.026274938915688648,
    "WER": 0.5349106203995794,
    "CER": 0.2658321502129617,
    "Cosine Dist.": 0.0438365537358143
  },
  "occ_eval_res": {
    "precision": 66.1659,
    "recall": 82.4395,
    "f-score": 73.4117
  },
  "clean_eval": {
    "f-score": 45.44632582607266,
    "precision": 53.684823769297985,
    "recall": 39.399985747879995,
    "tp": 5529,
    "fp": 4770,
    "fn": 8504
  },
  "jaccard": [
    0.6444925050339324
  ],
  "braycurtis": [
    0.22519725246668534
  ],
  "dice": [
    0.47546214788732394
  ],
  "cosinus": [
    0.045113464658807834
  ]
}