{
  "voc_eval_res": {
    "precision": 70.2128,
    "recall": 26.6129,
    "f-score": 38.5965
  },
  "KL_res": {
    "KL divergence": 1.350203069182465,
    "Euclidean Dist.": 0.1888067295140623,
    "WER": 0.6567656765676567,
    "CER": 0.5481667864845435,
    "Cosine Dist.": 0.08633282189335012
  },
  "occ_eval_res": {
    "precision": 89.1156,
    "recall": 43.2343,
    "f-score": 58.2222
  },
  "clean_eval": {
    "f-score": 24.074074074074076,
    "precision": 18.181818181818183,
    "recall": 35.61643835616438,
    "tp": 52,
    "fp": 234,
    "fn": 94
  },
  "jaccard": [
    0.5688847235238987
  ],
  "braycurtis": [
    0.327061556329849
  ],
  "dice": [
    0.3975114603798297
  ],
  "cosinus": [
    0.04438371448947809
  ]
}