{
  "voc_eval_res": {
    "precision": 57.1429,
    "recall": 29.6296,
    "f-score": 39.0244
  },
  "KL_res": {
    "KL divergence": 1.2537543700331466,
    "Euclidean Dist.": 0.14271957169501853,
    "WER": 0.574468085106383,
    "CER": 0.4418604651162791,
    "Cosine Dist.": 0.02559105255420513
  },
  "occ_eval_res": {
    "precision": 85.6322,
    "recall": 52.8369,
    "f-score": 65.3509
  },
  "clean_eval": {
    "f-score": 52.75229357798166,
    "precision": 42.91044776119403,
    "recall": 68.45238095238095,
    "tp": 115,
    "fp": 153,
    "fn": 53
  },
  "jaccard": [
    0.5666991236611489
  ],
  "braycurtis": [
    0.2217242851045668
  ],
  "dice": [
    0.3953804347826087
  ],
  "cosinus": [
    0.009626291279797972
  ]
}