{
  "voc_eval_res": {
    "precision": 81.8182,
    "recall": 47.3684,
    "f-score": 60.0
  },
  "KL_res": {
    "KL divergence": 0.9269314919851646,
    "Euclidean Dist.": 0.17528357114793539,
    "WER": 0.5227272727272727,
    "CER": 0.438602559667935,
    "Cosine Dist.": 0.049066029062581396
  },
  "occ_eval_res": {
    "precision": 90.1734,
    "recall": 59.0909,
    "f-score": 71.3959
  },
  "clean_eval": {
    "f-score": 59.44700460829492,
    "precision": 49.23664122137404,
    "recall": 75.0,
    "tp": 129,
    "fp": 133,
    "fn": 43
  },
  "jaccard": [
    0.3379204892966361
  ],
  "braycurtis": [
    0.20506535947712418
  ],
  "dice": [
    0.20331186752529898
  ],
  "cosinus": [
    0.008252530283967219
  ]
}