{
  "voc_eval_res": {
    "precision": 5.9259,
    "recall": 14.5455,
    "f-score": 8.4211
  },
  "KL_res": {
    "KL divergence": 5.570787471793934,
    "Euclidean Dist.": 0.29081789658982204,
    "WER": 5.947368421052632,
    "CER": 6.509756097560976,
    "Cosine Dist.": 0.6831548674360781
  },
  "occ_eval_res": {
    "precision": 2.5862,
    "recall": 15.7895,
    "f-score": 4.4444
  },
  "clean_eval": {
    "f-score": 1.5706806282722512,
    "precision": 5.454545454545454,
    "recall": 0.9174311926605505,
    "tp": 3,
    "fp": 52,
    "fn": 324
  },
  "jaccard": [
    0.7989457831325302
  ],
  "braycurtis": [
    0.8439052908506285
  ],
  "dice": [
    0.6652037617554859
  ],
  "cosinus": [
    0.34695427176732796
  ]
}