{
  "voc_eval_res": {
    "precision": 0.692,
    "recall": 4.5455,
    "f-score": 1.2012
  },
  "KL_res": {
    "KL divergence": 6.103318918045307,
    "Euclidean Dist.": 0.1634171051776107,
    "WER": 23.51798561151079,
    "CER": 28.39700374531835,
    "Cosine Dist.": 0.9771902126785257
  },
  "occ_eval_res": {
    "precision": 0.1832,
    "recall": 4.3165,
    "f-score": 0.3515
  },
  "clean_eval": {
    "f-score": 0.12437810945273632,
    "precision": 1.6260162601626018,
    "recall": 0.06466214031684449,
    "tp": 2,
    "fp": 121,
    "fn": 3091
  },
  "jaccard": [
    0.8096740273396424
  ],
  "braycurtis": [
    0.9494701274765781
  ],
  "dice": [
    0.6802120141342756
  ],
  "cosinus": [
    0.341973152818267
  ]
}