{
  "voc_eval_res": {
    "precision": 0.3109,
    "recall": 8.5714,
    "f-score": 0.6
  },
  "KL_res": {
    "KL divergence": 7.039846185997995,
    "Euclidean Dist.": 0.21181092547483862,
    "WER": 115.27777777777777,
    "CER": 139.84931506849315,
    "Cosine Dist.": 0.980947176598208
  },
  "occ_eval_res": {
    "precision": 0.0723,
    "recall": 8.3333,
    "f-score": 0.1433
  },
  "clean_eval": {
    "f-score": 0.09876543209876544,
    "precision": 5.555555555555555,
    "recall": 0.04982561036372695,
    "tp": 2,
    "fp": 34,
    "fn": 4012
  },
  "jaccard": [
    0.914587613736425
  ],
  "braycurtis": [
    0.9886341698841699
  ],
  "dice": [
    0.8426176311519741
  ],
  "cosinus": [
    0.5090385179713752
  ]
}