{
  "voc_eval_res": {
    "precision": 1.3943,
    "recall": 12.3288,
    "f-score": 2.5052
  },
  "KL_res": {
    "KL divergence": 5.340544519225407,
    "Euclidean Dist.": 0.13877014380734648,
    "WER": 34.69736842105263,
    "CER": 42.580333625987706,
    "Cosine Dist.": 0.858989006124354
  },
  "occ_eval_res": {
    "precision": 0.3405,
    "recall": 11.8421,
    "f-score": 0.662
  },
  "clean_eval": {
    "f-score": 0.34272658035034276,
    "precision": 5.921052631578947,
    "recall": 0.17647058823529413,
    "tp": 9,
    "fp": 143,
    "fn": 5091
  },
  "jaccard": [
    0.7868257261410788
  ],
  "braycurtis": [
    0.9617315301482313
  ],
  "dice": [
    0.6485677640017101
  ],
  "cosinus": [
    0.2709862275450252
  ]
}