{
  "voc_eval_res": {
    "precision": 0.106,
    "recall": 3.7037,
    "f-score": 0.2062
  },
  "KL_res": {
    "KL divergence": 7.9485016741750645,
    "Euclidean Dist.": 0.24459212483945944,
    "WER": 93.47619047619048,
    "CER": 32.95257903494176,
    "Cosine Dist.": 0.9986017188061616
  },
  "occ_eval_res": {
    "precision": 0.0255,
    "recall": 2.381,
    "f-score": 0.0504
  },
  "clean_eval": {
    "f-score": 0.0536480686695279,
    "precision": 2.7777777777777777,
    "recall": 0.027085590465872153,
    "tp": 1,
    "fp": 35,
    "fn": 3691
  },
  "jaccard": [
    0.8630330415136966
  ],
  "braycurtis": [
    0.955772024674304
  ],
  "dice": [
    0.7590660705414803
  ],
  "cosinus": [
    0.511044951513501
  ]
}