{
  "voc_eval_res": {
    "precision": 0.6369,
    "recall": 3.5971,
    "f-score": 1.0823
  },
  "KL_res": {
    "KL divergence": 6.19832689514705,
    "Euclidean Dist.": 0.17747834442799862,
    "WER": 18.21383647798742,
    "CER": 23.15681233933162,
    "Cosine Dist.": 0.9859810740837744
  },
  "occ_eval_res": {
    "precision": 0.1724,
    "recall": 3.1447,
    "f-score": 0.3268
  },
  "clean_eval": {
    "f-score": 0.06865774116031582,
    "precision": 0.7575757575757576,
    "recall": 0.03595828838547285,
    "tp": 1,
    "fp": 131,
    "fn": 2780
  },
  "jaccard": [
    0.8047606311848088
  ],
  "braycurtis": [
    0.9430343088821506
  ],
  "dice": [
    0.6733049899306333
  ],
  "cosinus": [
    0.40901567432896957
  ]
}