{
  "voc_eval_res": {
    "precision": 63.9286,
    "recall": 68.9153,
    "f-score": 66.3284
  },
  "KL_res": {
    "KL divergence": 0.31760258434553373,
    "Euclidean Dist.": 0.025687116060788225,
    "WER": 0.24258084180775305,
    "CER": 0.08445809750556613,
    "Cosine Dist.": 0.027007310272814333
  },
  "occ_eval_res": {
    "precision": 80.3938,
    "recall": 80.8432,
    "f-score": 80.6179
  },
  "clean_eval": {
    "f-score": 74.43146012000987,
    "precision": 76.6832979301487,
    "recall": 72.3081018133422,
    "tp": 108661,
    "fp": 33040,
    "fn": 41614
  },
  "jaccard": [
    0.4974697605529499
  ],
  "braycurtis": [
    0.0882385878917759
  ],
  "dice": [
    0.33108801905778945
  ],
  "cosinus": [
    0.012050148221821821
  ]
}