{
  "voc_eval_res": {
    "precision": 55.1724,
    "recall": 11.4695,
    "f-score": 18.9911
  },
  "KL_res": {
    "KL divergence": 2.065751768755651,
    "Euclidean Dist.": 0.23425257325207766,
    "WER": 0.6935817805383023,
    "CER": 0.47739681153090197,
    "Cosine Dist.": 0.037423727659714356
  },
  "occ_eval_res": {
    "precision": 70.3571,
    "recall": 40.7867,
    "f-score": 51.6383
  },
  "clean_eval": {
    "f-score": 9.15032679738562,
    "precision": 7.216494845360824,
    "recall": 12.5,
    "tp": 35,
    "fp": 450,
    "fn": 245
  },
  "jaccard": [
    0.6578764746703678
  ],
  "braycurtis": [
    0.24487350199733687
  ],
  "dice": [
    0.4901758014477766
  ],
  "cosinus": [
    0.014693108069374072
  ]
}