{
  "voc_eval_res": {
    "precision": 47.9584,
    "recall": 60.3913,
    "f-score": 53.4615
  },
  "KL_res": {
    "KL divergence": 0.22955601815521454,
    "Euclidean Dist.": 0.028221318607730254,
    "WER": 0.31905270840936345,
    "CER": 0.12332623919531073,
    "Cosine Dist.": 0.03468404828869376
  },
  "occ_eval_res": {
    "precision": 77.7251,
    "recall": 75.6778,
    "f-score": 76.6878
  },
  "clean_eval": {
    "f-score": 66.69102324700279,
    "precision": 65.06660329782038,
    "recall": 68.39862886326102,
    "tp": 49286,
    "fp": 26461,
    "fn": 22771
  },
  "jaccard": [
    0.6731681199326909
  ],
  "braycurtis": [
    0.1369662899061074
  ],
  "dice": [
    0.5073499740589151
  ],
  "cosinus": [
    0.016087219274019904
  ]
}