{
  "voc_eval_res": {
    "precision": 54.0816,
    "recall": 18.4669,
    "f-score": 27.5325
  },
  "KL_res": {
    "KL divergence": 3.5242647687904545,
    "Euclidean Dist.": 0.22795030224630825,
    "WER": 0.8192771084337349,
    "CER": 0.6541541541541541,
    "Cosine Dist.": 0.4376937760329902
  },
  "occ_eval_res": {
    "precision": 46.2329,
    "recall": 27.1084,
    "f-score": 34.1772
  },
  "clean_eval": {
    "f-score": 8.010335917312663,
    "precision": 6.352459016393443,
    "recall": 10.839160839160838,
    "tp": 31,
    "fp": 457,
    "fn": 255
  },
  "jaccard": [
    0.6519052523171988
  ],
  "braycurtis": [
    0.4255565192252096
  ],
  "dice": [
    0.48357524828113063
  ],
  "cosinus": [
    0.28712167267144917
  ]
}