{
  "voc_eval_res": {
    "precision": 47.9167,
    "recall": 15.5932,
    "f-score": 23.5294
  },
  "KL_res": {
    "KL divergence": 3.7913922329458725,
    "Euclidean Dist.": 0.2012800808884866,
    "WER": 0.8267543859649122,
    "CER": 0.6542003907340218,
    "Cosine Dist.": 0.4604520416118181
  },
  "occ_eval_res": {
    "precision": 45.1327,
    "recall": 22.3684,
    "f-score": 29.912
  },
  "clean_eval": {
    "f-score": 10.827067669172932,
    "precision": 8.126410835214447,
    "recall": 16.216216216216218,
    "tp": 36,
    "fp": 407,
    "fn": 186
  },
  "jaccard": [
    0.6751497005988024
  ],
  "braycurtis": [
    0.44595994475138123
  ],
  "dice": [
    0.5096045197740113
  ],
  "cosinus": [
    0.3155640361723707
  ]
}