{
  "voc_eval_res": {
    "precision": 41.25,
    "recall": 30.6977,
    "f-score": 35.2
  },
  "KL_res": {
    "KL divergence": 1.4358100856793705,
    "Euclidean Dist.": 0.08856152929444128,
    "WER": 1.066326530612245,
    "CER": 0.8442815249266862,
    "Cosine Dist.": 0.04825400118748879
  },
  "occ_eval_res": {
    "precision": 42.5856,
    "recall": 57.1429,
    "f-score": 48.8017
  },
  "clean_eval": {
    "f-score": 19.91150442477876,
    "precision": 23.195876288659793,
    "recall": 17.441860465116278,
    "tp": 90,
    "fp": 298,
    "fn": 426
  },
  "jaccard": [
    0.5380923815236952
  ],
  "braycurtis": [
    0.28462273161413565
  ],
  "dice": [
    0.3680755026672138
  ],
  "cosinus": [
    0.017108977736431497
  ]
}