{
  "voc_eval_res": {
    "precision": 8.9163,
    "recall": 24.282,
    "f-score": 13.0432
  },
  "KL_res": {
    "KL divergence": 1.0694630788974342,
    "Euclidean Dist.": 0.08049461077546781,
    "WER": 0.7738503496881161,
    "CER": 0.3047649389288265,
    "Cosine Dist.": 0.2488696857423235
  },
  "occ_eval_res": {
    "precision": 34.1641,
    "recall": 33.4972,
    "f-score": 33.8274
  },
  "clean_eval": {
    "f-score": 12.304114134982203,
    "precision": 12.165914126258519,
    "recall": 12.4454900160661,
    "tp": 4338,
    "fp": 31319,
    "fn": 30518
  },
  "jaccard": [
    0.7342539241009338
  ],
  "braycurtis": [
    0.32170561334995645
  ],
  "dice": [
    0.5800957538654736
  ],
  "cosinus": [
    0.0826957040548264
  ]
}