{
  "voc_eval_res": {
    "precision": 70.0756,
    "recall": 81.6962,
    "f-score": 75.441
  },
  "KL_res": {
    "KL divergence": 0.03962913074461325,
    "Euclidean Dist.": 0.01081746919311259,
    "WER": 0.25228090297690425,
    "CER": 0.17647758212752804,
    "Cosine Dist.": 0.004228649266180051
  },
  "occ_eval_res": {
    "precision": 90.4158,
    "recall": 81.0294,
    "f-score": 85.4657
  },
  "clean_eval": {
    "f-score": 73.21408900638907,
    "precision": 70.19551929449351,
    "recall": 76.50393519517705,
    "tp": 53171,
    "fp": 22576,
    "fn": 16330
  },
  "jaccard": [
    0.5922336865588399
  ],
  "braycurtis": [
    0.13962113197726117
  ],
  "dice": [
    0.42069033823602237
  ],
  "cosinus": [
    0.006042097942569158
  ]
}