{
  "voc_eval_res": {
    "precision": 18.26,
    "recall": 4.1717,
    "f-score": 6.7917
  },
  "KL_res": {
    "KL divergence": 1.196619870804216,
    "Euclidean Dist.": 0.14419532039345284,
    "WER": 0.9478688524590164,
    "CER": 0.8348097455492622,
    "Cosine Dist.": 0.3552188552081391
  },
  "occ_eval_res": {
    "precision": 47.9089,
    "recall": 18.2787,
    "f-score": 26.4615
  },
  "clean_eval": {
    "f-score": 0.38150465435678316,
    "precision": 0.2652801358234295,
    "recall": 0.6789788158609452,
    "tp": 50,
    "fp": 18798,
    "fn": 7314
  },
  "jaccard": [
    0.8739350537103346
  ],
  "braycurtis": [
    0.7306631595727722
  ],
  "dice": [
    0.7760964912280702
  ],
  "cosinus": [
    0.4338548491189509
  ]
}