{
  "voc_eval_res": {
    "precision": 48.2759,
    "recall": 15.1625,
    "f-score": 23.0769
  },
  "KL_res": {
    "KL divergence": 3.483544765847884,
    "Euclidean Dist.": 0.1762049819240634,
    "WER": 0.8293838862559242,
    "CER": 0.75,
    "Cosine Dist.": 0.227962863120175
  },
  "occ_eval_res": {
    "precision": 57.5,
    "recall": 21.8009,
    "f-score": 31.6151
  },
  "clean_eval": {
    "f-score": 26.545454545454543,
    "precision": 18.02469135802469,
    "recall": 50.3448275862069,
    "tp": 73,
    "fp": 332,
    "fn": 72
  },
  "jaccard": [
    0.6699029126213593
  ],
  "braycurtis": [
    0.4777998674618953
  ],
  "dice": [
    0.5036496350364964
  ],
  "cosinus": [
    0.16453069502967022
  ]
}