{
  "voc_eval_res": {
    "precision": 40.4762,
    "recall": 12.5926,
    "f-score": 19.209
  },
  "KL_res": {
    "KL divergence": 3.5905094044349593,
    "Euclidean Dist.": 0.10903540283626006,
    "WER": 0.8921933085501859,
    "CER": 0.7239915074309978,
    "Cosine Dist.": 0.37970019649588604
  },
  "occ_eval_res": {
    "precision": 41.989,
    "recall": 14.1264,
    "f-score": 21.1405
  },
  "clean_eval": {
    "f-score": 16.296296296296294,
    "precision": 11.11111111111111,
    "recall": 30.555555555555557,
    "tp": 55,
    "fp": 440,
    "fn": 125
  },
  "jaccard": [
    0.6122448979591837
  ],
  "braycurtis": [
    0.49359838274932616
  ],
  "dice": [
    0.4411764705882353
  ],
  "cosinus": [
    0.11979036593829462
  ]
}