{
  "voc_eval_res": {
    "precision": 42.3077,
    "recall": 12.828,
    "f-score": 19.6868
  },
  "KL_res": {
    "KL divergence": 3.419133101963821,
    "Euclidean Dist.": 0.26978577388645564,
    "WER": 0.8503253796095445,
    "CER": 0.7368946580129805,
    "Cosine Dist.": 0.14945704513247549
  },
  "occ_eval_res": {
    "precision": 49.7409,
    "recall": 20.8243,
    "f-score": 29.3578
  },
  "clean_eval": {
    "f-score": 21.463414634146343,
    "precision": 15.207373271889402,
    "recall": 36.46408839779006,
    "tp": 66,
    "fp": 368,
    "fn": 115
  },
  "jaccard": [
    0.6543535620052771
  ],
  "braycurtis": [
    0.45797890438924804
  ],
  "dice": [
    0.48627450980392156
  ],
  "cosinus": [
    0.22216115818430582
  ]
}