{
  "voc_eval_res": {
    "precision": 49.3827,
    "recall": 11.5274,
    "f-score": 18.6916
  },
  "KL_res": {
    "KL divergence": 3.906124795528581,
    "Euclidean Dist.": 0.17229802070635225,
    "WER": 0.8747390396659708,
    "CER": 0.7793533749290982,
    "Cosine Dist.": 0.25792284694068646
  },
  "occ_eval_res": {
    "precision": 56.25,
    "recall": 15.0313,
    "f-score": 23.7232
  },
  "clean_eval": {
    "f-score": 17.616580310880828,
    "precision": 11.11111111111111,
    "recall": 42.5,
    "tp": 51,
    "fp": 408,
    "fn": 69
  },
  "jaccard": [
    0.6926192619261926
  ],
  "braycurtis": [
    0.5738361070149568
  ],
  "dice": [
    0.529776247848537
  ],
  "cosinus": [
    0.20780978576163145
  ]
}