{
  "voc_eval_res": {
    "precision": 86.1544,
    "recall": 95.5167,
    "f-score": 90.5943
  },
  "KL_res": {
    "KL divergence": 0.01560488499580473,
    "Euclidean Dist.": 0.005714774823503612,
    "WER": 0.06440548780487805,
    "CER": 0.03246708985727761,
    "Cosine Dist.": 0.001039488252941756
  },
  "occ_eval_res": {
    "precision": 94.982,
    "recall": 97.8855,
    "f-score": 96.4119
  },
  "clean_eval": {
    "f-score": 83.61205563246888,
    "precision": 83.79991407637914,
    "recall": 83.42503756791122,
    "tp": 72171,
    "fp": 13952,
    "fn": 14339
  },
  "jaccard": [
    0.41134170762789
  ],
  "braycurtis": [
    0.07190880161994401
  ],
  "dice": [
    0.2589239672262648
  ],
  "cosinus": [
    0.009212665480820892
  ]
}