{
  "voc_eval_res": {
    "precision": 56.3342,
    "recall": 68.0996,
    "f-score": 61.6607
  },
  "KL_res": {
    "KL divergence": 0.18474489562723523,
    "Euclidean Dist.": 0.02358285065211892,
    "WER": 0.2322148534566459,
    "CER": 0.0818041699100334,
    "Cosine Dist.": 0.03087501500585843
  },
  "occ_eval_res": {
    "precision": 81.024,
    "recall": 83.8267,
    "f-score": 82.4016
  },
  "clean_eval": {
    "f-score": 68.66724225577136,
    "precision": 67.92784163473819,
    "recall": 69.42291690460264,
    "tp": 42550,
    "fp": 20090,
    "fn": 18741
  },
  "jaccard": [
    0.6234906012697622
  ],
  "braycurtis": [
    0.13189038833474587
  ],
  "dice": [
    0.45295048609541033
  ],
  "cosinus": [
    0.019011564447795726
  ]
}