{
  "voc_eval_res": {
    "precision": 35.4839,
    "recall": 24.2202,
    "f-score": 28.7895
  },
  "KL_res": {
    "KL divergence": 1.904526610687072,
    "Euclidean Dist.": 0.06494080636106404,
    "WER": 0.7044632086851629,
    "CER": 0.5444944867215407,
    "Cosine Dist.": 0.13587223501574663
  },
  "occ_eval_res": {
    "precision": 52.2692,
    "recall": 40.2895,
    "f-score": 45.5041
  },
  "clean_eval": {
    "f-score": 25.928521373510865,
    "precision": 22.867737948084056,
    "recall": 29.93527508090615,
    "tp": 185,
    "fp": 624,
    "fn": 433
  },
  "jaccard": [
    0.6301474326385358
  ],
  "braycurtis": [
    0.2787025913849322
  ],
  "dice": [
    0.46001113379105585
  ],
  "cosinus": [
    0.05030371254139454
  ]
}