{
  "voc_eval_res": {
    "precision": 40.0,
    "recall": 29.9065,
    "f-score": 34.2246
  },
  "KL_res": {
    "KL divergence": 1.3208046642152682,
    "Euclidean Dist.": 0.0635517392000013,
    "WER": 0.6509572901325479,
    "CER": 0.4745031871016123,
    "Cosine Dist.": 0.04902898337743422
  },
  "occ_eval_res": {
    "precision": 66.0617,
    "recall": 53.6082,
    "f-score": 59.187
  },
  "clean_eval": {
    "f-score": 18.23154056517776,
    "precision": 16.55629139072848,
    "recall": 20.28397565922921,
    "tp": 100,
    "fp": 504,
    "fn": 393
  },
  "jaccard": [
    0.6014084507042253
  ],
  "braycurtis": [
    0.24091370558375635
  ],
  "dice": [
    0.4300100704934542
  ],
  "cosinus": [
    0.03865846784185856
  ]
}