{
  "voc_eval_res": {
    "precision": 47.8448,
    "recall": 43.3594,
    "f-score": 45.4918
  },
  "KL_res": {
    "KL divergence": 1.088394192044619,
    "Euclidean Dist.": 0.0509776503663738,
    "WER": 0.696652719665272,
    "CER": 0.5660105616898704,
    "Cosine Dist.": 0.025870404596510577
  },
  "occ_eval_res": {
    "precision": 64.978,
    "recall": 61.7155,
    "f-score": 63.3047
  },
  "clean_eval": {
    "f-score": 25.396825396825395,
    "precision": 24.778761061946902,
    "recall": 26.046511627906977,
    "tp": 112,
    "fp": 340,
    "fn": 318
  },
  "jaccard": [
    0.44208037825059104
  ],
  "braycurtis": [
    0.1652609705414986
  ],
  "dice": [
    0.283763277693475
  ],
  "cosinus": [
    0.01570169353360673
  ]
}