{
  "voc_eval_res": {
    "precision": 41.629,
    "recall": 17.9688,
    "f-score": 25.1023
  },
  "KL_res": {
    "KL divergence": 2.9712536632945934,
    "Euclidean Dist.": 0.23027192767472632,
    "WER": 0.7961696306429549,
    "CER": 0.5840190162735418,
    "Cosine Dist.": 0.25567287483665346
  },
  "occ_eval_res": {
    "precision": 39.5538,
    "recall": 26.6758,
    "f-score": 31.8627
  },
  "clean_eval": {
    "f-score": 15.012510425354462,
    "precision": 12.676056338028168,
    "recall": 18.404907975460123,
    "tp": 90,
    "fp": 620,
    "fn": 399
  },
  "jaccard": [
    0.6037441497659907
  ],
  "braycurtis": [
    0.3331672810600777
  ],
  "dice": [
    0.4324022346368715
  ],
  "cosinus": [
    0.1305917147921325
  ]
}