{
  "voc_eval_res": {
    "precision": 82.196,
    "recall": 92.9262,
    "f-score": 87.2324
  },
  "KL_res": {
    "KL divergence": 0.02927818202992057,
    "Euclidean Dist.": 0.008789200884165047,
    "WER": 0.09997202428949924,
    "CER": 0.057809975407268656,
    "Cosine Dist.": 0.003861393917870437
  },
  "occ_eval_res": {
    "precision": 92.4667,
    "recall": 97.1777,
    "f-score": 94.7637
  },
  "clean_eval": {
    "f-score": 84.84834201409348,
    "precision": 86.21168582375479,
    "recall": 83.52744652220314,
    "tp": 54003,
    "fp": 8637,
    "fn": 10650
  },
  "jaccard": [
    0.48190149667040283
  ],
  "braycurtis": [
    0.08587515586591461
  ],
  "dice": [
    0.3174375678610206
  ],
  "cosinus": [
    0.010062978730594918
  ]
}