{
  "voc_eval_res": {
    "precision": 22.8883,
    "recall": 3.3215,
    "f-score": 5.8011
  },
  "KL_res": {
    "KL divergence": 3.2262774826538854,
    "Euclidean Dist.": 0.1313513113150985,
    "WER": 0.9734135941810885,
    "CER": 0.8815989138247744,
    "Cosine Dist.": 0.6289593169499319
  },
  "occ_eval_res": {
    "precision": 30.494,
    "recall": 4.4896,
    "f-score": 7.8268
  },
  "clean_eval": {
    "f-score": 1.6643550624133148,
    "precision": 0.96051227321238,
    "recall": 6.228373702422145,
    "tp": 36,
    "fp": 3712,
    "fn": 542
  },
  "jaccard": [
    0.7596288515406162
  ],
  "braycurtis": [
    0.7740970072239423
  ],
  "dice": [
    0.6124206069160197
  ],
  "cosinus": [
    0.22902682154527265
  ]
}