{
  "voc_eval_res": {
    "precision": 22.5316,
    "recall": 3.8562,
    "f-score": 6.5853
  },
  "KL_res": {
    "KL divergence": 3.025940270334009,
    "Euclidean Dist.": 0.10934005566782935,
    "WER": 0.9710950528071151,
    "CER": 0.870508949280119,
    "Cosine Dist.": 0.5284559162310786
  },
  "occ_eval_res": {
    "precision": 31.453,
    "recall": 5.114,
    "f-score": 8.7975
  },
  "clean_eval": {
    "f-score": 2.1169354838709675,
    "precision": 1.238938053097345,
    "recall": 7.26643598615917,
    "tp": 42,
    "fp": 3348,
    "fn": 536
  },
  "jaccard": [
    0.7428675268035617
  ],
  "braycurtis": [
    0.7573072197192539
  ],
  "dice": [
    0.5909222318589188
  ],
  "cosinus": [
    0.19533574560210631
  ]
}