{
  "voc_eval_res": {
    "precision": 21.6783,
    "recall": 5.9048,
    "f-score": 9.2814
  },
  "KL_res": {
    "KL divergence": 3.9086300051617444,
    "Euclidean Dist.": 0.17896694776716388,
    "WER": 0.9023255813953488,
    "CER": 0.7500504744599232,
    "Cosine Dist.": 0.2389963600611955
  },
  "occ_eval_res": {
    "precision": 35.6846,
    "recall": 13.3333,
    "f-score": 19.4131
  },
  "clean_eval": {
    "f-score": 0.6993006993006992,
    "precision": 0.47694753577106513,
    "recall": 1.3100436681222707,
    "tp": 3,
    "fp": 626,
    "fn": 226
  },
  "jaccard": [
    0.7041245791245792
  ],
  "braycurtis": [
    0.5523264347570821
  ],
  "dice": [
    0.543358233192595
  ],
  "cosinus": [
    0.19885787707290237
  ]
}