{
  "voc_eval_res": {
    "precision": 38.0117,
    "recall": 3.4871,
    "f-score": 6.3882
  },
  "KL_res": {
    "KL divergence": 3.693245659505936,
    "Euclidean Dist.": 0.20681694863751912,
    "WER": 0.9689686644356557,
    "CER": 0.8971421607458412,
    "Cosine Dist.": 0.7426947185588209
  },
  "occ_eval_res": {
    "precision": 49.1803,
    "recall": 4.5634,
    "f-score": 8.3519
  },
  "clean_eval": {
    "f-score": 2.3536698668318365,
    "precision": 1.282051282051282,
    "recall": 14.339622641509434,
    "tp": 38,
    "fp": 2926,
    "fn": 227
  },
  "jaccard": [
    0.8357530173167745
  ],
  "braycurtis": [
    0.8095263297168563
  ],
  "dice": [
    0.7178485576923077
  ],
  "cosinus": [
    0.28642902622544764
  ]
}