{
  "voc_eval_res": {
    "precision": 35.0877,
    "recall": 3.963,
    "f-score": 7.1217
  },
  "KL_res": {
    "KL divergence": 3.9227438138724025,
    "Euclidean Dist.": 0.1904260039186558,
    "WER": 0.966086568496207,
    "CER": 0.8862549089610853,
    "Cosine Dist.": 0.7176012319978272
  },
  "occ_eval_res": {
    "precision": 39.2727,
    "recall": 4.8193,
    "f-score": 8.5851
  },
  "clean_eval": {
    "f-score": 3.7820801440792433,
    "precision": 2.151639344262295,
    "recall": 15.613382899628252,
    "tp": 42,
    "fp": 1910,
    "fn": 227
  },
  "jaccard": [
    0.8369348102415108
  ],
  "braycurtis": [
    0.783420827737761
  ],
  "dice": [
    0.7195940671350507
  ],
  "cosinus": [
    0.24311036130552965
  ]
}