{
  "voc_eval_res": {
    "precision": 42.2023,
    "recall": 59.3871,
    "f-score": 49.3412
  },
  "KL_res": {
    "KL divergence": 0.37169468398482475,
    "Euclidean Dist.": 0.0402554715041452,
    "WER": 0.38573704533794184,
    "CER": 0.13796381462316748,
    "Cosine Dist.": 0.06227661426277953
  },
  "occ_eval_res": {
    "precision": 70.9271,
    "recall": 73.8152,
    "f-score": 72.3423
  },
  "clean_eval": {
    "f-score": 64.06621392190152,
    "precision": 63.49664862439353,
    "recall": 64.64608971247466,
    "tp": 22641,
    "fp": 13016,
    "fn": 12382
  },
  "jaccard": [
    0.6429383670684558
  ],
  "braycurtis": [
    0.1462618624146466
  ],
  "dice": [
    0.47377241494888556
  ],
  "cosinus": [
    0.020505468251267978
  ]
}