{
  "voc_eval_res": {
    "precision": 4.3189,
    "recall": 3.6415,
    "f-score": 3.9514
  },
  "KL_res": {
    "KL divergence": 4.992574237882889,
    "Euclidean Dist.": 0.08460886401028085,
    "WER": 0.9896103896103896,
    "CER": 0.813598166539343,
    "Cosine Dist.": 0.8028615028098587
  },
  "occ_eval_res": {
    "precision": 5.3097,
    "recall": 4.6753,
    "f-score": 4.9724
  },
  "clean_eval": {
    "f-score": 0.6369426751592357,
    "precision": 0.5970149253731344,
    "recall": 0.6825938566552902,
    "tp": 2,
    "fp": 333,
    "fn": 291
  },
  "jaccard": [
    0.8142433234421365
  ],
  "braycurtis": [
    0.6457673633101119
  ],
  "dice": [
    0.6866866866866866
  ],
  "cosinus": [
    0.36032887461974583
  ]
}