{
  "voc_eval_res": {
    "precision": 2.4772,
    "recall": 11.1111,
    "f-score": 4.0512
  },
  "KL_res": {
    "KL divergence": 3.217019522875213,
    "Euclidean Dist.": 0.170752452060601,
    "WER": 3.9887640449438204,
    "CER": 4.160272804774084,
    "Cosine Dist.": 0.35552599148403186
  },
  "occ_eval_res": {
    "precision": 6.9519,
    "recall": 29.2135,
    "f-score": 11.2311
  },
  "clean_eval": {
    "f-score": 0.5063291139240507,
    "precision": 1.1235955056179776,
    "recall": 0.32679738562091504,
    "tp": 3,
    "fp": 264,
    "fn": 915
  },
  "jaccard": [
    0.8807209396516809
  ],
  "braycurtis": [
    0.7764888951761211
  ],
  "dice": [
    0.7868644834449068
  ],
  "cosinus": [
    0.3384211960576251
  ]
}