{
  "voc_eval_res": {
    "precision": 33.7434,
    "recall": 17.4229,
    "f-score": 22.9803
  },
  "KL_res": {
    "KL divergence": 2.673146318261858,
    "Euclidean Dist.": 0.1318613790157523,
    "WER": 0.878855860908581,
    "CER": 0.6443433577626148,
    "Cosine Dist.": 0.6997771865123472
  },
  "occ_eval_res": {
    "precision": 34.7777,
    "recall": 17.106,
    "f-score": 22.9323
  },
  "clean_eval": {
    "f-score": 10.518114530580444,
    "precision": 7.83517121300058,
    "recall": 15.995260663507107,
    "tp": 135,
    "fp": 1588,
    "fn": 709
  },
  "jaccard": [
    0.6086859688195991
  ],
  "braycurtis": [
    0.3606202313561408
  ],
  "dice": [
    0.4374899951976949
  ],
  "cosinus": [
    0.145188727097041
  ]
}