{
  "voc_eval_res": {
    "precision": 41.6149,
    "recall": 18.0108,
    "f-score": 25.1407
  },
  "KL_res": {
    "KL divergence": 2.6678591270403316,
    "Euclidean Dist.": 0.10065296558793768,
    "WER": 0.8435498627630376,
    "CER": 0.6340320591861899,
    "Cosine Dist.": 0.4930240184288812
  },
  "occ_eval_res": {
    "precision": 45.1786,
    "recall": 23.1473,
    "f-score": 30.611
  },
  "clean_eval": {
    "f-score": 21.54255319148936,
    "precision": 16.666666666666664,
    "recall": 30.451127819548873,
    "tp": 162,
    "fp": 810,
    "fn": 370
  },
  "jaccard": [
    0.67109375
  ],
  "braycurtis": [
    0.346602658788774
  ],
  "dice": [
    0.5049970605526161
  ],
  "cosinus": [
    0.08079977930925852
  ]
}