{
  "voc_eval_res": {
    "precision": 32.9806,
    "recall": 20.5269,
    "f-score": 25.3045
  },
  "KL_res": {
    "KL divergence": 2.6559278883480504,
    "Euclidean Dist.": 0.39052531910932986,
    "WER": 0.9942857142857143,
    "CER": 0.6893939393939394,
    "Cosine Dist.": 0.8029348320986228
  },
  "occ_eval_res": {
    "precision": 24.2473,
    "recall": 25.7714,
    "f-score": 24.9861
  },
  "clean_eval": {
    "f-score": 11.344299489506522,
    "precision": 11.813349084465447,
    "recall": 10.911074740861974,
    "tp": 200,
    "fp": 1493,
    "fn": 1633
  },
  "jaccard": [
    0.616643291257597
  ],
  "braycurtis": [
    0.394044022442814
  ],
  "dice": [
    0.4457587022642785
  ],
  "cosinus": [
    0.4486345325673087
  ]
}