{
  "voc_eval_res": {
    "precision": 32.3894,
    "recall": 16.1233,
    "f-score": 21.5294
  },
  "KL_res": {
    "KL divergence": 2.6563962007443966,
    "Euclidean Dist.": 0.13574848856110736,
    "WER": 0.8890115958034235,
    "CER": 0.6711245209165784,
    "Cosine Dist.": 0.7393220264071589
  },
  "occ_eval_res": {
    "precision": 35.0,
    "recall": 17.0072,
    "f-score": 22.8911
  },
  "clean_eval": {
    "f-score": 14.744079449961806,
    "precision": 11.041189931350115,
    "recall": 22.18390804597701,
    "tp": 193,
    "fp": 1555,
    "fn": 677
  },
  "jaccard": [
    0.6211996713229252
  ],
  "braycurtis": [
    0.37509114773224445
  ],
  "dice": [
    0.4505363528009535
  ],
  "cosinus": [
    0.14882049835885802
  ]
}