{
  "voc_eval_res": {
    "precision": 29.3521,
    "recall": 8.9163,
    "f-score": 13.6777
  },
  "KL_res": {
    "KL divergence": 2.150392670046393,
    "Euclidean Dist.": 0.10933472301313489,
    "WER": 0.871244635193133,
    "CER": 0.6493110547988596,
    "Cosine Dist.": 0.22829635186276565
  },
  "occ_eval_res": {
    "precision": 29.2899,
    "recall": 19.6104,
    "f-score": 23.4922
  },
  "clean_eval": {
    "f-score": 9.179444674678823,
    "precision": 7.676312597470108,
    "recall": 11.414583870136564,
    "tp": 443,
    "fp": 5328,
    "fn": 3438
  },
  "jaccard": [
    0.6492153501252802
  ],
  "braycurtis": [
    0.3022399614630286
  ],
  "dice": [
    0.4806209118422337
  ],
  "cosinus": [
    0.07564926658528304
  ]
}