{
  "voc_eval_res": {
    "precision": 40.1186,
    "recall": 49.1525,
    "f-score": 44.1785
  },
  "KL_res": {
    "KL divergence": 1.3601703496357762,
    "Euclidean Dist.": 0.09584541551671842,
    "WER": 1.4809228039041704,
    "CER": 1.4403839055001846,
    "Cosine Dist.": 0.2112542570634378
  },
  "occ_eval_res": {
    "precision": 31.5564,
    "recall": 58.8287,
    "f-score": 41.0781
  },
  "clean_eval": {
    "f-score": 13.175885643256679,
    "precision": 18.81100266193434,
    "recall": 10.13868962219034,
    "tp": 212,
    "fp": 915,
    "fn": 1879
  },
  "jaccard": [
    0.4825974025974026
  ],
  "braycurtis": [
    0.42314666114075533
  ],
  "dice": [
    0.31804176651831567
  ],
  "cosinus": [
    0.053793564230370294
  ]
}