{
  "voc_eval_res": {
    "precision": 30.5581,
    "recall": 9.6365,
    "f-score": 14.6523
  },
  "KL_res": {
    "KL divergence": 2.164922427336949,
    "Euclidean Dist.": 0.11214543431080579,
    "WER": 0.8621229925577751,
    "CER": 0.637070905347824,
    "Cosine Dist.": 0.20414584780364853
  },
  "occ_eval_res": {
    "precision": 30.1923,
    "recall": 21.8371,
    "f-score": 25.3438
  },
  "clean_eval": {
    "f-score": 10.873923811770256,
    "precision": 9.387090205660762,
    "recall": 12.920403587443946,
    "tp": 461,
    "fp": 4450,
    "fn": 3107
  },
  "jaccard": [
    0.6407498910042145
  ],
  "braycurtis": [
    0.29199931606844576
  ],
  "dice": [
    0.4713995509462205
  ],
  "cosinus": [
    0.0799015903982826
  ]
}