{
  "voc_eval_res": {
    "precision": 26.9025,
    "recall": 48.9911,
    "f-score": 34.7324
  },
  "KL_res": {
    "KL divergence": 0.393051244299466,
    "Euclidean Dist.": 0.056491559800382105,
    "WER": 0.6067983942443043,
    "CER": 0.2188283971607595,
    "Cosine Dist.": 0.14301086606556157
  },
  "occ_eval_res": {
    "precision": 56.5515,
    "recall": 64.2407,
    "f-score": 60.1513
  },
  "clean_eval": {
    "f-score": 45.89102167182663,
    "precision": 48.92206952090512,
    "recall": 43.21364850209322,
    "tp": 37057,
    "fp": 38690,
    "fn": 48696
  },
  "jaccard": [
    0.7512781954887218
  ],
  "braycurtis": [
    0.18785770235418414
  ],
  "dice": [
    0.6016377649325626
  ],
  "cosinus": [
    0.0328442002239977
  ]
}