{
  "voc_eval_res": {
    "precision": 80.1473,
    "recall": 90.9344,
    "f-score": 85.2008
  },
  "KL_res": {
    "KL divergence": 0.027302917009703612,
    "Euclidean Dist.": 0.006218513624099255,
    "WER": 0.09151297491426566,
    "CER": 0.05448360558864184,
    "Cosine Dist.": 0.001336192151084492
  },
  "occ_eval_res": {
    "precision": 93.7067,
    "recall": 95.4122,
    "f-score": 94.5518
  },
  "clean_eval": {
    "f-score": 86.12612612612612,
    "precision": 87.13576576829234,
    "recall": 85.13961581673198,
    "tp": 31070,
    "fp": 4587,
    "fn": 5423
  },
  "jaccard": [
    0.4580507410198443
  ],
  "braycurtis": [
    0.06945824835195731
  ],
  "dice": [
    0.29705954223344466
  ],
  "cosinus": [
    0.005481616732387118
  ]
}