{
  "voc_eval_res": {
    "precision": 11.8624,
    "recall": 44.1881,
    "f-score": 18.7037
  },
  "KL_res": {
    "KL divergence": 0.46446304394279064,
    "Euclidean Dist.": 0.05219835350649192,
    "WER": 1.8750030058915474,
    "CER": 1.4138076698631687,
    "Cosine Dist.": 0.09546413307141444
  },
  "occ_eval_res": {
    "precision": 34.961,
    "recall": 70.0228,
    "f-score": 46.637
  },
  "clean_eval": {
    "f-score": 11.409045767476309,
    "precision": 16.668716031773357,
    "recall": 8.6725097562536,
    "tp": 6778,
    "fp": 33885,
    "fn": 71377
  },
  "jaccard": [
    0.7218421386038262
  ],
  "braycurtis": [
    0.3873407010290543
  ],
  "dice": [
    0.5647519452842346
  ],
  "cosinus": [
    0.03744589587747149
  ]
}