{
  "voc_eval_res": {
    "precision": 85.289,
    "recall": 61.7237,
    "f-score": 71.6176
  },
  "KL_res": {
    "KL divergence": 0.35889785280690273,
    "Euclidean Dist.": 0.04390115402407404,
    "WER": 0.28254847645429365,
    "CER": 0.21091784854161091,
    "Cosine Dist.": 0.03592750277997259
  },
  "occ_eval_res": {
    "precision": 85.4298,
    "recall": 81.2096,
    "f-score": 83.2663
  },
  "clean_eval": {
    "f-score": 74.97603068072868,
    "precision": 73.35834896810508,
    "recall": 76.66666666666667,
    "tp": 1564,
    "fp": 568,
    "fn": 476
  },
  "jaccard": [
    0.287843366452367
  ],
  "braycurtis": [
    0.07512258553897001
  ],
  "dice": [
    0.1681174261819423
  ],
  "cosinus": [
    0.008238314032004146
  ]
}