{
  "voc_eval_res": {
    "precision": 83.8849,
    "recall": 68.267,
    "f-score": 75.2744
  },
  "KL_res": {
    "KL divergence": 0.20843286021944926,
    "Euclidean Dist.": 0.13783423410770423,
    "WER": 0.3886804252657911,
    "CER": 0.24074926362297497,
    "Cosine Dist.": 0.007520194202249253
  },
  "occ_eval_res": {
    "precision": 75.9535,
    "recall": 87.8049,
    "f-score": 81.4503
  },
  "clean_eval": {
    "f-score": 68.3343143025309,
    "precision": 73.76111817026684,
    "recall": 63.651315789473685,
    "tp": 2322,
    "fp": 826,
    "fn": 1326
  },
  "jaccard": [
    0.2519294377067255
  ],
  "braycurtis": [
    0.09493861080106465
  ],
  "dice": [
    0.14411857458215074
  ],
  "cosinus": [
    0.03460489371113529
  ]
}