{
  "voc_eval_res": {
    "precision": 10.6625,
    "recall": 28.5867,
    "f-score": 15.5318
  },
  "KL_res": {
    "KL divergence": 0.7476376072250088,
    "Euclidean Dist.": 0.0704215273654315,
    "WER": 0.8745842572062085,
    "CER": 0.34737763275644845,
    "Cosine Dist.": 0.22172774815279772
  },
  "occ_eval_res": {
    "precision": 37.9497,
    "recall": 45.4268,
    "f-score": 41.353
  },
  "clean_eval": {
    "f-score": 21.74522906196138,
    "precision": 24.39069702634604,
    "recall": 19.61747511160089,
    "tp": 21006,
    "fp": 65117,
    "fn": 86072
  },
  "jaccard": [
    0.7706695581458389
  ],
  "braycurtis": [
    0.29918839646076434
  ],
  "dice": [
    0.6269018743109152
  ],
  "cosinus": [
    0.06124804921047866
  ]
}