{
  "voc_eval_res": {
    "precision": 33.6456,
    "recall": 57.8992,
    "f-score": 42.5595
  },
  "KL_res": {
    "KL divergence": 0.32413735541414185,
    "Euclidean Dist.": 0.0517927876160829,
    "WER": 0.5282474131559497,
    "CER": 0.19279945646318483,
    "Cosine Dist.": 0.12190017972073819
  },
  "occ_eval_res": {
    "precision": 62.2591,
    "recall": 75.7229,
    "f-score": 68.3341
  },
  "clean_eval": {
    "f-score": 56.87486721903547,
    "precision": 62.16922308790915,
    "recall": 52.41148428399425,
    "tp": 53542,
    "fp": 32581,
    "fn": 48615
  },
  "jaccard": [
    0.7153334470407641
  ],
  "braycurtis": [
    0.16618240382539973
  ],
  "dice": [
    0.5568242166755177
  ],
  "cosinus": [
    0.02365636766896495
  ]
}