{
  "voc_eval_res": {
    "precision": 71.3898,
    "recall": 89.9013,
    "f-score": 79.5833
  },
  "KL_res": {
    "KL divergence": 0.07742155751199457,
    "Euclidean Dist.": 0.013003802469405046,
    "WER": 0.19143876337693222,
    "CER": 0.1002313990744037,
    "Cosine Dist.": 0.0030857570901935416
  },
  "occ_eval_res": {
    "precision": 85.4331,
    "recall": 94.6096,
    "f-score": 89.7875
  },
  "clean_eval": {
    "f-score": 78.1822354831306,
    "precision": 83.7035580892471,
    "recall": 73.34424252863664,
    "tp": 8516,
    "fp": 1658,
    "fn": 3095
  },
  "jaccard": [
    0.3891587829199693
  ],
  "braycurtis": [
    0.09101055856090726
  ],
  "dice": [
    0.2415873015873016
  ],
  "cosinus": [
    0.006405561560263839
  ]
}