{
  "voc_eval_res": {
    "precision": 62.5,
    "recall": 42.735,
    "f-score": 50.7614
  },
  "KL_res": {
    "KL divergence": 0.6905457362268466,
    "Euclidean Dist.": 0.05288861965224758,
    "WER": 0.49607535321821034,
    "CER": 0.3331043956043956,
    "Cosine Dist.": 0.021418150326361185
  },
  "occ_eval_res": {
    "precision": 79.8479,
    "recall": 65.9341,
    "f-score": 72.227
  },
  "clean_eval": {
    "f-score": 35.405872193436956,
    "precision": 31.931464174454828,
    "recall": 39.72868217054263,
    "tp": 205,
    "fp": 437,
    "fn": 311
  },
  "jaccard": [
    0.3949163050216987
  ],
  "braycurtis": [
    0.1351601555267543
  ],
  "dice": [
    0.24604094244882194
  ],
  "cosinus": [
    0.00761527937397366
  ]
}