{
  "voc_eval_res": {
    "precision": 92.1569,
    "recall": 61.8421,
    "f-score": 74.0157
  },
  "KL_res": {
    "KL divergence": 0.4681158074857366,
    "Euclidean Dist.": 0.05320940136359169,
    "WER": 0.2860635696821516,
    "CER": 0.2405538605961042,
    "Cosine Dist.": 0.010356761543786508
  },
  "occ_eval_res": {
    "precision": 96.0,
    "recall": 76.2836,
    "f-score": 85.0136
  },
  "clean_eval": {
    "f-score": 65.02890173410405,
    "precision": 58.90052356020943,
    "recall": 72.58064516129032,
    "tp": 225,
    "fp": 157,
    "fn": 85
  },
  "jaccard": [
    0.2967640094711918
  ],
  "braycurtis": [
    0.12291883454734652
  ],
  "dice": [
    0.1742354031510658
  ],
  "cosinus": [
    0.007148871553893432
  ]
}