{
  "voc_eval_res": {
    "precision": 72.2462,
    "recall": 95.7353,
    "f-score": 82.3485
  },
  "KL_res": {
    "KL divergence": 0.022737849372407398,
    "Euclidean Dist.": 0.011919982498806481,
    "WER": 0.2863381160324392,
    "CER": 0.25603181234186445,
    "Cosine Dist.": 0.003731169530468925
  },
  "occ_eval_res": {
    "precision": 79.3011,
    "recall": 98.962,
    "f-score": 88.0474
  },
  "clean_eval": {
    "f-score": 79.03347201122968,
    "precision": 90.09664378658357,
    "recall": 70.39011029683915,
    "tp": 85581,
    "fp": 9407,
    "fn": 36000
  },
  "jaccard": [
    0.4861802698996897
  ],
  "braycurtis": [
    0.140897977309741
  ],
  "dice": [
    0.3211612718691901
  ],
  "cosinus": [
    0.011536131955959705
  ]
}